#account_id,games,race_type,is_win
1843485923,11,1011,1
1843485923,7,1011,0
1843485923,4,1010,1
1843548517,1,1010,1
1843629477,3,1010,1
1843727394,1,1010,1
1844426699,2,1010,1
1844464404,4,1010,1
1844464404,1,1011,1
1844464404,2,1011,0
1844464404,3,1010,0
1844735998,4,1010,1
1844948878,1,1010,1
1845030494,2,1010,1
1845138729,1,1022,1
1845138729,1,1022,0
1845218886,3,1010,1
1845377102,1,1022,0
1845377852,2,1010,1
1845388762,2,1010,1
1845398444,2,1010,1
1845520947,2,1010,1
1845569141,1,1010,0
1845569141,2,1010,1
1845596714,1,1010,0
1845596714,1,1010,1
1845620615,2,1010,1
1845622045,3,1011,0
1845622045,1,1010,0
1845622045,13,1011,1
1845622045,6,1010,1
1845623838,1,1022,1
1845623838,2,1011,1
1845623838,6,1010,1
1845623838,2,1022,0
1845623838,2,1010,0
1845623838,2,1011,0
1845735550,1,1010,1
1845810486,3,1010,1
1845885832,1,1010,1
1845897108,2,1010,1
1845921775,1,1010,1
1845929052,1,1011,0
1845929052,7,1010,1
1845929052,1,1010,0
1845929052,1,1022,0
1845979326,1,1010,1
1845984196,1,1011,0
1845984196,8,1010,1
1845984196,2,1011,1
1846096849,1,1010,0
1846132017,5,1010,0
1846132017,2,1011,1
1846132017,15,1010,1
1846133454,1,1011,1
1846133454,2,1010,1
1846151865,1,1010,1
1846167567,1,1010,1
1846181362,1,1010,1
1846204409,1,1010,1
1846217383,1,1010,1
1846225561,2,1010,1
1846225561,1,1010,0
1846290483,2,1011,1
1846290483,10,1010,1
1846295031,5,1011,0
1846295031,13,1010,1
1846295031,9,1011,1
1846295031,1,1010,0
1846314031,3,1010,0
1846314031,1,1011,1
1846314031,4,1010,1
1846349986,3,1010,1
1846349986,1,1011,1
1846349986,2,1010,0
1846375221,1,1010,1
1846388114,2,1010,1
1846406026,1,1010,1
1846406026,1,1010,0
1846451140,3,1010,1
1846451140,1,1011,1
1846451140,2,1010,0
1846451414,1,1010,0
1846477600,1,1010,0
1846487795,1,1010,1
1846491937,1,1010,1
1846491937,1,1010,0
1846552670,3,1010,1
1846570128,1,1010,0
1846570128,2,1010,1
1846593036,4,1010,1
1846593036,1,1011,1
1846630141,1,1010,1
1846630141,1,1011,0
1846696050,1,1010,1
1846758360,1,1011,1
1846758360,4,1010,1
1846778867,8,1010,1
1846778867,2,1010,0
1846778985,1,1011,0
1846778985,3,1010,1
1846778985,4,1010,0
1846785428,1,1010,1
1846837062,2,1011,0
1846837062,4,1011,1
1846837062,1,1010,1
1846995607,3,1010,1
1847016603,1,1022,0
1847016603,1,1011,1
1847030222,1,1010,1
1847073300,2,1010,1
1847242110,1,1010,1
1847332697,2,1010,1
1847402979,1,1010,1
1847481349,1,1010,1
1847536010,4,1010,1
1847541688,2,1010,1
1847657348,1,1010,1
1847711347,5,1010,0
1847711347,5,1010,1
1847711347,2,1011,0
1847711347,3,1011,1
1847785759,1,1010,1
1847871642,1,1010,1
1847878372,2,1010,1
1847888057,2,1011,1
1847888057,5,1011,0
1847888057,7,1010,1
1847931730,1,1010,1
1847984639,2,1010,1
1847984639,1,1011,1
1848001531,6,1010,1
1848028741,1,1010,1
1848150041,1,1010,0
1848150041,7,1010,1
1848150041,3,1011,1
1848150041,1,1022,0
1848150305,1,1010,1
1848153816,2,1010,1
1848370120,2,1010,1
1848402767,1,1011,1
1848402767,1,1022,1
1848402767,3,1010,1
1848402767,2,1011,0
1848407147,1,1010,0
1848407147,1,1011,0
1848407147,3,1010,1
1848410339,2,1010,1
1848417682,3,1010,0
1848417682,6,1010,1
1848426412,2,1010,1
1848456855,4,1011,1
1848456855,2,1010,1
1848457117,1,1010,1
1848528534,1,1010,1
1848560240,1,1010,1
1848599471,5,1010,1
1848601473,2,1010,0
1848601473,3,1010,1
1848601523,1,1010,0
1848601523,3,1010,1
1848727322,5,1010,1
1848777005,1,1010,1
1848786926,3,1010,1
1848886113,1,1010,1
1849145054,2,1010,1
1849178145,1,1010,1
1849381705,2,1010,1
1849456487,2,1011,0
1849456487,10,1010,1
1849456487,1,1010,0
1849456487,2,1011,1
1849457806,2,1011,1
1849457806,5,1010,1
1849457806,1,1022,0
1849610664,3,1010,0
1849610664,3,1010,1
1849649565,2,1010,1
1849658539,5,1010,1
1849658539,1,1011,1
1849658539,1,1011,0
1849716225,1,1010,1
1849731911,1,1011,0
1849731911,3,1011,1
1849731911,1,1010,0
1849731911,2,1010,1
1849846032,1,1010,0
1849846032,1,1011,1
1849846032,1,1011,0
1849846032,3,1010,1
1850057875,2,1010,1
1850124701,3,1010,1
1850124701,2,1010,0
1850124701,2,1011,0
1850281028,1,1010,1
1850301988,1,1010,0
1850301988,1,1011,0
1850301988,4,1010,1
1850316655,3,1010,1
1850316655,1,1010,0
1850328651,1,1010,1
1850328837,1,1010,1
1850341717,1,1010,0
1850341717,1,1010,1
1850372247,1,1010,0
1850372247,2,1010,1
1850524532,1,1010,1
1850524532,1,1010,0
1850592791,2,1010,0
1850604533,1,1011,1
1850604533,2,1010,1
1850677908,2,1010,1
1850746060,1,1022,1
1850746060,1,1010,0
1850746060,2,1011,1
1850746060,2,1022,0
1850746060,5,1010,1
1850806984,1,1010,0
1850808814,5,1010,1
1850808814,1,1010,0
1850808814,1,1022,0
1850846095,1,1010,1
1850863259,7,1010,1
1850871090,1,1010,1
1850871090,1,1011,0
1850871090,1,1010,0
1850897049,5,1010,1
1850897049,2,1011,1
1850898155,1,1010,1
1850909498,3,1010,1
1850930162,2,1010,1
1850943073,1,1010,1
1850943209,1,1011,0
1850943209,6,1010,1
1850943209,1,1010,0
1850972879,3,1011,0
1850972879,1,1011,1
1850972879,8,1010,1
1850972879,1,1010,0
1850999392,3,1010,1
1851035559,2,1010,0
1851035559,1,1010,1
1851052120,2,1010,1
1851137934,2,1010,1
1851160743,1,1010,1
1851169668,1,1011,1
1851169668,3,1010,1
1851169668,1,1010,0
1851195253,1,1010,1
1851201415,2,1010,1
1851232635,2,1010,1
1851238149,1,1010,1
1851307086,2,1010,1
1851312354,1,1010,1
1851339342,8,1010,1
1851351148,6,1010,1
1851351148,1,1011,1
1851373612,1,1010,1
1851385599,4,1010,1
1851426451,1,1010,1
1851426451,1,1011,0
1851426451,3,1010,0
1851439593,6,1010,1
1851439593,3,1010,0
1851446657,1,1011,0
1851446657,3,1010,1
1851457733,2,1011,1
1851457733,3,1010,1
1851467867,1,1011,1
1851467867,2,1010,1
1851467867,2,1010,0
1851469549,1,1010,0
1851473359,2,1011,0
1851473359,1,1011,1
1851473359,2,1010,1
1851505538,1,1010,0
1851514790,1,1010,1
1851556364,2,1011,1
1851556364,3,1010,1
1851558438,1,1010,1
1851576267,3,1010,0
1851576267,3,1010,1
1851599086,1,1010,1
1851769834,4,1010,1
1851769834,1,1011,1
1851770387,1,1010,1
1851846530,1,1022,0
1851882062,4,1010,1
1851895783,2,1011,1
1851895783,3,1011,0
1851895783,3,1010,0
1851895783,9,1010,1
1851926335,2,1010,1
1851926428,6,1010,1
1851926428,1,1010,0
1851926428,1,1011,0
1851926428,1,1011,1
1852033734,2,1011,1
1852033734,1,1011,0
1852033734,2,1010,1
1852125732,4,1010,1
1852129077,2,1010,1
1852129077,1,1011,0
1852159561,1,1010,1
1852169634,7,1010,0
1852169634,2,1010,1
1852192865,1,1010,0
1852193861,1,1010,1
1852234864,2,1010,1
1852234864,3,1011,1
1852234864,2,1011,0
1852251211,5,1010,1
1852251211,1,1010,0
1852283781,2,1010,1
1852283781,1,1010,0
1852304160,1,1010,0
1852304160,1,1010,1
1852309023,3,1010,0
1852309023,2,1010,1
1852338379,1,1010,1
1852347297,1,1010,1
1852352345,10,1010,1
1852352345,2,1011,0
1852352345,2,1011,1
1852360349,1,1011,0
1852360349,4,1010,1
1852361473,7,1010,1
1852362669,1,1010,1
1852362669,8,1010,0
1852374490,2,1010,1
1852412890,11,1010,1
1852412890,4,1010,0
1852412890,1,1011,1
1852412890,1,1011,0
1852422892,3,1010,1
1852422892,2,1011,0
1852422892,2,1011,1
1852429251,3,1010,1
1852429251,1,1010,0
1852429251,1,1011,0
1852451103,1,1011,1
1852451103,2,1010,1
1852510086,4,1010,1
1852513381,1,1011,1
1852513381,3,1010,1
1852542860,4,1010,1
1852542860,1,1011,0
1852542860,2,1010,0
1852561477,1,1011,1
1852561477,2,1010,1
1852572384,3,1010,1
1852586421,2,1010,1
1852600027,2,1010,0
1852600027,1,1011,1
1852600027,3,1010,1
1852618219,2,1010,1
1852618219,1,1010,0
1852634325,3,1010,1
1852672210,1,1011,0
1852672210,2,1010,1
1852681113,1,1010,1
1852710146,2,1010,1
1852731901,1,1010,0
1852731901,5,1010,1
1852745467,1,1011,0
1852745467,1,1010,0
1852745467,2,1010,1
1852745467,1,1011,1
1852770788,1,1010,0
1852787269,1,1010,1
1852801406,1,1011,1
1852801406,1,1011,0
1852801406,3,1010,1
1852815132,1,1010,1
1852829787,1,1010,0
1852829787,2,1010,1
1852847441,5,1010,0
1852847441,8,1010,1
1852877826,1,1010,0
1852877826,1,1010,1
1852893509,1,1010,1
1852895082,3,1010,1
1852895082,1,1011,1
1852895249,3,1010,1
1852910995,3,1010,1
1852910995,1,1011,1
1852965132,1,1010,0
1852977725,2,1011,1
1852977725,1,1010,0
1852977725,3,1010,1
1853007962,2,1010,1
1853052569,3,1010,1
1853052569,2,1011,0
1853061738,1,1010,1
1853108837,2,1010,0
1853165043,2,1010,1
1853165043,1,1011,0
1853166738,1,1010,1
1853181866,2,1010,1
1853232360,2,1010,1
1853268494,1,1010,1
1853279702,1,1010,0
1853279702,8,1010,1
1853279702,2,1011,1
1853290775,1,1010,1
1853327021,1,1010,1
1853401858,2,1011,0
1853401858,3,1010,0
1853401858,10,1010,1
1853430421,1,1010,0
1853430421,2,1010,1
1853509589,2,1010,1
1853527049,3,1010,1
1853527049,2,1010,0
1853591455,1,1010,1
1853603358,1,1011,1
1853603358,5,1010,1
1853613962,2,1010,1
1853621355,1,1011,1
1853621355,2,1010,1
1853649979,3,1010,1
1853676510,6,1010,1
1853718958,3,1010,1
1853718958,3,1011,1
1853718958,2,1010,0
1853790632,2,1010,1
1853802563,1,1011,1
1853802563,8,1010,1
1853809319,2,1010,1
1853813350,2,1010,1
1853813350,1,1010,0
1853821604,2,1010,1
1853821604,1,1011,1
1853874769,3,1010,1
1853874769,1,1011,1
1853874769,1,1010,0
1853874769,1,1011,0
1853893126,1,1011,1
1853893126,2,1010,1
1853901477,2,1010,1
1853926141,8,1010,1
1853926141,2,1011,1
1853926141,1,1010,0
1853939415,2,1010,1
1853953562,1,1010,0
1853963666,2,1010,1
1853969615,2,1010,1
1853969615,1,1011,0
1853970079,1,1010,1
1853982363,2,1010,1
1853992058,2,1011,1
1853992058,3,1010,1
1854094179,1,1010,1
1854116642,1,1011,1
1854116642,2,1010,1
1854116642,1,1011,0
1854204312,2,1010,1
1854204312,1,1011,0
1854209486,4,1010,1
1854209486,1,1011,1
1854324765,1,1010,1
1854464474,3,1010,1
1854464474,1,1010,0
1854469128,2,1010,1
1854525991,1,1010,1
1854550857,5,1010,0
1854550857,1,1011,0
1854550857,7,1010,1
1854557378,2,1011,1
1854557378,1,1010,0
1854557378,2,1010,1
1854557378,1,1011,0
1854585412,1,1010,0
1854585412,5,1010,1
1854620692,1,1010,1
1854627398,1,1010,1
1854636542,2,1011,1
1854636542,2,1010,1
1854717549,1,1010,1
1854720151,2,1010,1
1854725082,2,1010,1
1854748265,1,1011,0
1854748265,5,1010,1
1854750653,1,1011,0
1854750653,2,1010,1
1854770228,1,1010,1
1854811836,1,1010,1
1854812955,3,1010,0
1854812955,1,1011,1
1854812955,1,1011,0
1854812955,4,1010,1
1854822137,1,1010,1
1854870752,1,1010,1
1854892523,1,1010,0
1854970719,1,1011,1
1854970719,2,1010,1
1855098518,2,1010,1
1855129939,2,1011,1
1855129939,4,1010,1
1855129939,1,1010,0
1855129939,1,1011,0
1855143793,2,1010,1
1855159093,5,1010,1
1855168307,2,1010,1
1855216217,1,1010,1
1855221895,1,1010,1
1855299050,2,1010,1
1855354312,1,1010,1
1855371358,3,1010,1
1855412274,1,1010,1
1855414514,3,1010,1
1855443401,1,1010,1
1855443401,1,1010,0
1855476291,1,1010,1
1855519866,1,1011,0
1855519866,2,1010,1
1855545544,1,1011,0
1855545544,1,1022,0
1855545544,3,1010,1
1855642523,1,1011,0
1855642523,2,1010,1
1855642523,3,1011,1
1855645909,1,1010,1
1855726424,1,1010,0
1855726424,4,1010,1
1855758910,1,1011,1
1855758910,3,1010,1
1855758910,1,1010,0
1855861876,1,1010,1
1855995095,1,1010,1
1856063839,1,1010,1
1856131643,1,1010,1
1856162832,1,1010,1
1856182677,1,1010,1
1856215107,1,1022,0
1856215107,2,1010,0
1856215107,3,1010,1
1856216329,3,1010,0
1856216329,1,1011,1
1856216329,15,1010,1
1856216329,3,1011,0
1856237874,1,1010,1
1856237874,1,1010,0
1856277148,1,1010,0
1856277148,2,1010,1
1856387551,2,1010,1
1856389280,1,1010,1
1856447390,2,1010,1
1856447390,1,1011,0
1856447390,1,1010,0
1856621863,1,1010,1
1856710932,1,1010,1
1856751170,1,1011,0
1856751170,4,1010,1
1856767273,1,1010,0
1856784420,2,1010,1
1856806037,1,1022,1
1856806037,7,1011,1
1856806037,5,1011,0
1856806037,2,1022,0
1856806037,9,1010,1
1856816418,2,1010,1
1856883005,2,1010,1
1857022584,1,1010,1
1857051366,1,1010,1
1857073345,2,1010,1
1857222583,1,1010,1
1857226950,2,1010,1
1857274788,1,1011,0
1857274788,2,1010,1
1857308147,1,1010,1
1857639326,1,1010,0
1857681901,1,1010,1
1857734206,8,1010,1
1857734206,1,1010,0
1857734206,1,1022,0
1857735377,3,1010,1
1857752089,1,1010,1
1857817599,2,1010,1
1857898664,2,1011,0
1857898664,3,1010,0
1857898664,3,1010,1
1858015571,3,1010,1
1858147915,2,1010,1
1858313170,1,1010,1
1858328603,2,1010,1
1858357022,1,1010,1
1858357022,1,1010,0
1858411406,6,1010,1
1858411406,2,1011,0
1858479480,1,1010,1
1858595894,3,1010,1
1858595894,1,1011,1
1858595894,1,1011,0
1858603356,2,1010,1
1858603356,1,1010,0
1858614359,1,1010,1
1858700998,2,1010,1
1858756930,2,1010,1
1858763617,5,1010,1
1858763617,1,1011,0
1858763617,1,1010,0
1858765074,6,1010,1
1858765074,3,1010,0
1858798543,4,1010,1
1858798543,1,1010,0
1858831767,1,1010,1
1858841754,1,1010,1
1858890033,6,1010,1
1858890033,7,1010,0
1858890033,1,1011,1
1859017955,1,1010,1
1859098179,2,1010,1
1859103402,2,1010,1
1859140162,2,1010,0
1859140162,2,1010,1
1859141987,1,1011,0
1859141987,1,1011,1
1859141987,2,1010,1
1859198931,2,1010,1
1859347433,1,1010,0
1859347433,2,1010,1
1859353468,1,1011,0
1859353468,5,1010,1
1859382835,5,1010,1
1859393617,2,1010,1
1859423667,1,1010,1
1859439091,2,1010,1
1859439091,2,1010,0
1859476059,1,1010,0
1859476059,2,1010,1
1859570060,4,1010,1
1859570060,2,1010,0
1859613260,6,1010,1
1859613260,2,1010,0
1859613260,1,1011,1
1859618098,2,1010,1
1859635202,3,1010,1
1859656619,1,1010,1
1859696472,1,1010,1
1859866625,2,1011,1
1859866625,3,1010,1
1859866625,2,1011,0
1859874798,1,1010,0
1859874798,3,1010,1
1859875340,1,1010,0
1859875340,1,1010,1
1860006544,1,1010,1
1860059661,13,1010,1
1860059661,5,1011,0
1860059661,3,1011,1
1860059661,3,1010,0
1860060350,5,1010,1
1860060350,2,1022,0
1860060350,1,1010,0
1860184643,1,1010,0
1860184643,2,1010,1
1860205264,2,1010,1
1860214386,1,1010,0
1860225741,1,1010,1
1860225741,1,1010,0
1860234833,2,1010,1
1860256191,3,1010,1
1860272615,2,1010,1
1860272615,1,1011,0
1860301551,1,1010,1
1860367653,6,1010,1
1860367653,1,1010,0
1860367653,3,1011,0
1860380030,2,1010,0
1860380030,5,1010,1
1860380030,2,1011,1
1860454814,1,1010,1
1860531085,2,1010,1
1860603369,1,1010,1
1860611077,1,1010,1
1860624085,1,1011,1
1860624085,2,1010,1
1860624085,1,1010,0
1860631904,1,1011,0
1860631904,1,1010,0
1860631904,3,1010,1
1860631904,2,1011,1
1860637281,1,1010,1
1860682126,2,1010,1
1860692708,1,1010,0
1860692708,4,1010,1
1860770705,3,1010,1
1860778845,2,1010,1
1860791259,1,1010,1
1860885117,1,1010,0
1860885117,2,1010,1
1860989655,2,1010,1
1861062132,1,1010,1
1861098099,3,1010,1
1861133839,1,1010,0
1861133839,2,1010,1
1861158454,2,1010,1
1861189235,1,1010,1
1861309766,1,1010,1
1861341254,3,1010,1
1861345513,3,1010,1
1861345513,1,1011,0
1861361869,4,1010,1
1861366565,2,1010,1
1861366565,1,1011,1
1861366565,1,1010,0
1861394161,1,1011,1
1861394161,5,1010,1
1861394161,3,1010,0
1861397667,1,1011,0
1861397667,1,1010,1
1861397667,1,1011,1
1861407376,1,1010,1
1861504481,1,1010,0
1861519632,1,1010,1
1861538082,7,1010,1
1861538082,1,1010,0
1861550205,1,1010,1
1861594722,2,1011,1
1861594722,4,1010,1
1861609979,2,1011,1
1861609979,5,1010,1
1861667379,1,1011,1
1861667379,1,1010,1
1861700737,1,1010,0
1861700737,3,1010,1
1861790320,1,1010,1
1861809085,2,1010,1
1861815802,2,1010,1
1861850266,7,1010,1
1861850266,2,1010,0
1861894747,5,1010,1
1861894747,3,1010,0
1861935437,1,1010,0
1861949527,3,1010,1
1862015216,4,1010,0
1862015216,5,1010,1
1862015216,1,1011,0
1862015216,1,1011,1
1862037901,1,1010,1
1862112299,5,1010,1
1862112299,1,1011,0
1862128592,1,1010,1
1862136895,3,1010,0
1862265643,2,1010,1
1862270704,3,1010,1
1862270704,1,1010,0
1862281323,5,1010,0
1862281323,13,1010,1
1862281323,1,1011,0
1862281323,2,1022,0
1862283197,2,1010,1
1862293811,2,1010,1
1862293811,1,1010,0
1862300883,1,1011,1
1862300883,2,1010,0
1862309565,1,1010,1
1862324613,2,1010,1
1862354788,2,1010,1
1862354788,1,1010,0
1862361311,2,1010,1
1862378644,1,1010,1
1862388117,2,1010,1
1862416229,3,1010,1
1862416229,1,1011,1
1862416229,1,1010,0
1862522703,1,1010,1
1862572571,3,1010,1
1862572571,2,1011,1
1862592619,1,1011,0
1862739075,10,1010,1
1862739075,1,1010,0
1862768960,1,1010,1
1862782858,1,1010,1
1862832757,1,1010,0
1862901950,2,1010,0
1862901950,3,1010,1
1862923800,4,1010,1
1862923800,1,1011,1
1862926233,1,1011,1
1862926233,3,1010,1
1862937034,1,1010,1
1862941836,2,1010,1
1862941836,1,1011,0
1862983878,3,1010,1
1862983878,3,1010,0
1863004911,1,1010,0
1863004911,2,1010,1
1863024208,1,1011,1
1863024208,5,1010,1
1863035409,2,1010,0
1863035409,1,1010,1
1863040853,4,1010,1
1863040853,2,1010,0
1863111850,2,1010,1
1863111850,1,1010,0
1863111850,1,1011,0
1863126330,1,1010,0
1863126330,3,1010,1
1863223309,5,1010,1
1863296024,2,1022,1
1863296024,3,1010,0
1863296024,6,1010,1
1863296024,1,1011,0
1863298232,1,1010,0
1863298232,1,1010,1
1863301381,1,1010,1
1863305838,2,1010,1
1863306975,1,1010,0
1863306975,2,1011,1
1863306975,2,1022,1
1863306975,4,1010,1
1863306975,1,1022,0
1863418037,2,1010,1
1863418037,2,1010,0
1863475442,3,1010,1
1863475442,2,1010,0
1863509696,3,1010,0
1863509696,9,1010,1
1863520309,2,1010,1
1863582597,3,1010,1
1863623495,5,1010,1
1863748198,2,1010,1
1863784332,2,1010,1
1863801587,2,1010,0
1863801587,1,1011,0
1863801587,2,1011,1
1863801587,6,1010,1
1863823292,2,1010,1
1863823625,1,1010,1
1863851794,1,1010,1
1863923728,2,1010,1
1864095779,2,1010,1
1864095779,1,1011,0
1864128003,2,1010,1
1864128003,1,1011,1
1864305159,1,1010,1
1864333044,2,1010,1
1864333044,1,1010,0
1864343450,1,1010,1
1864474142,1,1011,1
1864474142,3,1010,1
1864482713,1,1011,1
1864482713,2,1010,0
1864482713,2,1010,1
1864484885,2,1010,1
1864484885,1,1011,1
1864486542,1,1010,0
1864540924,1,1010,0
1864553678,2,1010,1
1864555154,3,1010,1
1864590143,1,1010,1
1864636454,2,1011,0
1864636454,2,1011,1
1864636454,1,1022,1
1864636454,8,1010,1
1864636454,5,1022,0
1864663572,4,1010,1
1864663572,1,1011,0
1864727910,1,1010,1
1864751160,3,1011,1
1864751160,2,1010,1
1864751160,1,1011,0
1864807658,1,1010,1
1864809970,1,1011,1
1864809970,3,1010,1
1864809970,1,1011,0
1864840832,1,1010,0
1864840832,1,1010,1
1864866394,2,1010,1
1864933022,1,1010,1
1864938967,2,1010,1
1864940591,1,1010,1
1864949930,2,1010,1
1864955080,3,1010,1
1864997071,1,1010,1
1865005768,2,1010,1
1865053397,2,1010,1
1865053397,1,1011,1
1865084850,1,1010,0
1865084850,1,1011,1
1865084850,2,1010,1
1865111556,1,1010,0
1865111556,1,1010,1
1865148256,1,1010,1
1865183649,1,1010,1
1865261927,1,1010,1
1865296570,1,1010,1
1865383638,3,1010,1
1865431926,8,1010,1
1865431926,3,1010,0
1865431926,2,1011,1
1865456764,1,1010,1
1865460676,1,1010,0
1865460676,2,1010,1
1865475383,7,1010,1
1865555024,2,1010,1
1865561190,2,1010,1
1865561190,1,1010,0
1865588004,1,1010,1
1865589626,1,1011,0
1865589626,2,1010,1
1865589626,1,1010,0
1865643758,2,1011,0
1865643758,2,1010,1
1865726688,1,1010,1
1865734114,1,1010,1
1865752506,2,1010,1
1865752506,1,1011,1
1865855495,2,1010,0
1865855495,1,1010,1
1865859328,4,1010,1
1865874481,4,1010,1
1865955047,1,1010,1
1866060906,1,1010,1
1866170848,1,1011,1
1866170848,2,1010,1
1866182996,1,1011,0
1866182996,3,1010,1
1866182996,1,1011,1
1866463623,2,1010,0
1866538687,1,1010,1
1866563007,4,1011,0
1866563007,1,1010,0
1866563007,8,1010,1
1866634619,1,1010,0
1866634619,2,1010,1
1866725981,1,1010,0
1866725981,2,1010,1
1866806930,1,1010,1
1866809010,1,1010,1
1866813085,3,1010,1
1866813085,2,1011,1
1866934675,7,1010,1
1866980976,2,1010,1
1867028188,1,1010,1
1867156118,1,1010,0
1867156118,3,1010,1
1867239251,4,1011,0
1867239251,8,1010,1
1867239251,5,1010,0
1867239251,1,1022,0
1867632819,1,1010,1
1867682950,2,1010,1
1867682950,2,1011,0
1867751775,1,1010,1
1867854313,1,1010,0
1867854313,3,1010,1
1867945002,3,1010,1
1867945002,1,1011,0
1868002034,7,1010,1
1868002034,2,1010,0
1868137231,1,1010,1
1868146688,1,1010,0
1868196177,3,1010,1
1868196177,1,1011,0
1868196177,2,1010,0
1868234185,1,1010,1
1868234185,2,1010,0
1868296681,1,1011,1
1868296681,3,1010,1
1868351117,7,1010,1
1868351117,1,1010,0
1868351117,1,1011,0
1868351117,1,1011,1
1868359039,1,1010,0
1868359039,8,1010,1
1868359039,1,1011,1
1868446137,1,1010,0
1868524133,1,1010,1
1868560668,1,1010,1
1868666358,1,1010,1
1868710595,2,1010,1
1868784143,2,1010,1
1868784143,2,1011,1
1868784143,1,1011,0
1868942434,2,1010,0
1868942434,1,1011,1
1868942434,5,1010,1
1868986316,1,1010,1
1869329283,2,1010,1
1869562356,3,1010,1
1869562356,2,1010,0
1869583518,1,1010,1
1869635008,1,1010,0
1869635008,1,1010,1
1869652210,1,1010,0
1869652210,3,1010,1
1869666012,1,1010,0
1869849944,1,1010,1
1869890805,1,1010,0
1869890805,3,1010,1
1869919164,1,1011,1
1869919164,1,1011,0
1869919164,3,1010,1
1869928655,1,1010,1
1870169082,3,1010,1
1870169082,1,1010,0
1870170043,1,1010,1
1870173723,1,1010,1
1870181722,3,1010,0
1870181722,1,1010,1
1870185625,1,1010,0
1870195281,1,1010,1
1870208997,1,1010,1
1870215851,3,1010,1
1870215851,2,1010,0
1870254839,1,1010,1
1870269795,1,1010,1
1870269795,1,1010,0
1870272821,1,1010,1
1870300069,2,1010,1
1870300069,1,1011,0
1870361981,1,1011,1
1870361981,3,1010,1
1870384235,1,1010,1
1870396215,1,1010,0
1870396215,1,1010,1
1870422978,1,1010,1
1870544675,5,1010,1
1870624089,2,1010,1
1870624089,1,1011,1
1870652553,2,1010,1
1870810004,2,1010,1
1870810004,1,1010,0
1870923572,1,1010,1
1871040701,1,1011,0
1871040701,4,1010,1
1871040701,2,1011,1
1871142755,4,1010,1
1871192002,1,1010,1
1871192002,2,1010,0
1871342474,1,1010,1
1871427207,1,1010,0
1871427207,2,1010,1
1871461685,10,1010,1
1871461685,2,1011,0
1871701485,1,1010,1
1871718500,5,1010,1
1871955118,1,1010,1
1871958977,2,1010,0
1872047998,1,1010,0
1872047998,2,1010,1
1872444664,1,1010,1
1872455014,1,1010,1
1872519786,18,1010,1
1872519786,2,1010,0
1872614848,5,1010,1
1872654640,3,1010,1
1872773207,2,1010,1
1872773207,1,1011,0
1872887310,1,1010,1
1872906768,2,1011,0
1872906768,1,1011,1
1872906768,11,1010,1
1872906768,3,1010,0
1873214135,3,1010,1
1873214135,1,1011,1
1873268387,1,1022,0
1873268387,12,1010,1
1873268387,2,1010,0
1873268387,2,1011,0
1873268387,5,1011,1
1873335326,1,1010,1
1873356047,2,1010,1
1873382894,1,1010,1
1873451665,1,1010,0
1873868168,1,1011,0
1873868168,2,1010,1
1873957231,1,1010,1
1873957231,2,1010,0
1874021381,3,1010,1
1874021381,2,1010,0
1874027886,1,1010,0
1874027886,2,1010,1
1874114838,1,1011,1
1874114838,1,1011,0
1874114838,3,1010,1
1874288374,5,1010,1
1874288374,1,1011,0
1874317546,5,1010,1
1874343465,1,1010,1
1874370900,1,1010,0
1874370900,1,1010,1
1874608019,4,1010,1
1874608019,3,1010,0
1874635811,1,1010,1
1874635811,2,1010,0
1874758867,2,1011,1
1874758867,7,1010,1
1874758867,4,1010,0
1874759638,1,1010,1
1874819693,1,1010,1
1874819693,1,1010,0
1875197674,1,1010,1
1875448581,1,1010,1
1876161528,1,1010,1
1876161528,1,1010,0
1876410009,1,1010,0
1876410009,5,1010,1
1876420805,1,1010,0
1876420805,2,1010,1
1876493243,1,1010,1
1876505622,1,1010,1
1876706232,3,1010,1
1876706232,1,1011,1
1876728406,1,1010,0
1876728406,2,1010,1
1876734887,1,1010,1
1876926779,2,1010,1
1877063016,1,1010,1
1877170419,1,1010,1
1877496169,2,1010,1
1877776258,1,1010,1
1877793189,1,1010,1
1878022345,1,1010,1
1878205347,3,1010,1
1878205347,2,1010,0
1878226770,3,1010,1
1878227866,2,1010,1
1878311464,1,1010,0
1878389417,2,1011,0
1878389417,2,1010,1
1878541112,1,1011,0
1878541112,1,1011,1
1878541112,2,1010,1
1878723536,1,1010,1
1878723536,1,1010,0
1878803108,1,1010,1
1878803108,1,1010,0
1878950334,1,1010,1
1878989105,6,1010,1
1878989105,4,1010,0
1879059731,1,1010,0
1879072682,1,1010,0
1879072682,2,1010,1
1879199787,1,1010,1
1879235515,2,1010,1
1879272521,5,1010,1
1879380318,5,1010,0
1879380318,1,1011,0
1879380318,1,1011,1
1879380318,6,1010,1
1879399194,3,1010,0
1879404706,2,1010,1
1879404706,1,1011,1
1879460428,1,1010,1
1879485216,4,1010,1
1879485216,1,1010,0
1879615784,1,1010,0
1879627177,1,1011,1
1879627177,1,1010,0
1879627177,5,1010,1
1879652095,4,1010,1
1910034568,3,1010,1
1910270713,2,1010,1
1910291007,2,1010,0
1910291007,9,1010,1
1910444597,2,1010,1
1910623238,1,1010,0
1910797235,1,1010,1
1910855731,3,1010,1
1911152103,1,1010,1
1911486073,2,1010,1
1911657217,1,1010,0
1911815137,1,1010,1
1911955779,3,1010,1
1911955779,1,1010,0
1912022006,2,1010,1
1912026937,1,1010,0
1912026937,3,1010,1
1912225313,1,1010,1
1912271806,1,1010,1
1912275294,2,1010,1
1912315318,1,1010,0
1912315318,2,1010,1
1912742892,2,1010,1
1912742892,1,1010,0
1912742892,2,1011,0
1912834146,1,1010,1
1912995623,4,1010,1
1913080703,2,1010,1
1913231262,2,1010,1
1913317876,1,1010,1
1913317876,1,1010,0
1913448149,2,1010,1
1913448149,1,1010,0
1913477282,2,1010,1
1913651115,1,1010,1
1913664215,1,1010,1
1913735588,1,1010,1
1913735588,1,1010,0
1913801141,1,1010,1
1913827471,1,1010,0
1913827471,3,1010,1
1913897050,3,1010,1
1913897050,2,1010,0
1913897050,1,1011,0
1913961051,2,1010,1
1914038049,4,1010,1
1914038049,4,1010,0
1914038049,2,1011,1
1914359000,1,1010,1
1914376799,2,1010,1
1914392133,2,1010,0
1914443844,1,1010,1
1914671316,2,1010,0
1914759146,3,1010,0
1914759146,2,1010,1
1914804899,6,1010,0
1914804899,9,1010,1
1915011607,1,1010,1
1915260430,1,1010,1
1915271861,6,1010,0
1915271861,5,1010,1
1915283004,2,1010,1
1915292777,2,1010,1
1915292777,1,1010,0
1915292777,1,1011,1
1915450995,2,1010,1
1915619434,1,1010,0
1915663224,5,1010,1
1915860605,3,1010,0
1915860605,2,1010,1
1916045074,1,1010,0
1916045074,1,1010,1
1916052318,1,1011,0
1916052318,3,1010,0
1916052318,3,1010,1
1916057480,1,1011,0
1916057480,1,1011,1
1916057480,6,1010,1
1916057480,3,1010,0
1916115929,1,1010,0
1916115929,1,1011,0
1916115929,2,1010,1
1916170099,2,1010,1
1916188956,1,1010,1
1916208443,1,1010,1
1916208443,3,1010,0
1916407781,2,1010,1
1916928889,2,1010,1
1917035099,1,1010,1
1917236401,6,1010,1
1917867040,3,1010,0
1917867040,1,1010,1
1917892495,4,1010,1
1917892495,1,1010,0
1917965433,2,1010,1
1918465897,2,1010,1
1919035416,1,1010,0
1919514697,1,1010,1
1920112791,1,1010,1
1921131521,3,1010,0
1921131521,2,1011,1
1921131521,4,1010,1
1921494488,2,1010,0
1921498256,1,1010,0
1921498256,1,1010,1
1921507679,1,1011,0
1921507679,2,1010,1
1921694340,2,1010,0
1921694340,1,1010,1
1921787121,1,1010,1
1921839055,1,1010,1
1922181563,2,1010,1
1922216248,4,1010,1
1922216248,1,1010,0
1922248119,1,1010,1
1922401333,1,1010,0
1922615024,2,1010,1
1922665326,2,1010,1
1922917910,1,1010,1
1922972610,4,1010,1
1922972610,1,1011,1
1922972610,4,1010,0
1923098833,2,1010,1
1923595998,1,1010,1
1923896537,2,1010,1
1923896537,1,1010,0
1923896537,1,1011,1
1924324911,1,1010,0
1924359990,1,1010,1
1924377011,5,1010,1
1924377011,1,1011,1
1924377011,3,1010,0
1924904270,2,1010,1
1924904270,1,1011,0
1924953663,2,1010,1
1925003549,1,1010,1
1925098647,1,1010,1
1925105918,4,1010,0
1925105918,1,1010,1
1925110794,1,1010,1
1925131237,1,1010,1
1925286619,2,1010,1
1925337881,3,1010,1
1925353014,1,1011,0
1925353014,2,1010,1
1925410279,1,1010,0
1925432583,2,1010,1
1925467158,3,1011,0
1925467158,2,1010,0
1925467158,4,1010,1
1925646933,1,1010,0
1925646933,5,1010,1
1925674745,2,1010,1
1925818581,3,1010,1
1925818581,2,1010,0
1925828604,1,1011,0
1925828604,4,1010,1
1925828604,5,1010,0
1925828604,1,1011,1
1925858737,1,1011,1
1925858737,2,1010,1
1925949272,1,1010,1
1925998547,2,1010,0
1926021793,1,1010,0
1926081280,1,1010,1
1926098526,6,1010,1
1926098526,1,1010,0
1926218520,1,1010,1
1926218520,2,1010,0
1926249515,2,1010,0
1926312728,1,1010,0
1926326690,1,1010,1
1926330079,1,1011,0
1926330079,1,1011,1
1926330079,7,1010,0
1926330079,7,1010,1
1926338034,1,1011,0
1926338034,5,1010,1
1926338034,2,1010,0
1926338034,1,1011,1
1926458664,1,1011,1
1926458664,3,1010,1
1926469904,1,1010,1
1926567235,1,1010,1
1926578109,2,1010,1
1926747349,2,1010,1
1926780317,1,1011,0
1926780317,2,1010,1
1926780317,1,1011,1
1926783472,2,1010,1
1926783630,1,1011,0
1926783630,2,1010,1
1926788803,4,1010,0
1926805264,1,1010,1
1926809000,1,1011,1
1926809000,3,1010,1
1926825124,2,1010,1
1926848798,1,1011,0
1926848798,2,1010,1
1926848798,1,1011,1
1926857644,1,1010,1
1926875321,1,1010,1
1926875321,1,1010,0
1926935669,4,1010,1
1926935669,1,1010,0
1926935669,2,1011,0
1926938570,2,1010,1
1926938570,1,1011,1
1926971674,1,1010,1
1926991993,1,1010,1
1927026745,4,1010,1
1927026745,1,1011,1
1927078245,3,1010,1
1927135752,2,1010,1
1927135752,1,1010,0
1927136557,1,1011,1
1927136557,1,1010,0
1927136557,6,1010,1
1927141447,1,1010,0
1927141447,1,1010,1
1927149271,1,1010,0
1927185495,1,1010,1
1927211381,2,1010,1
1927272096,1,1010,1
1927283277,2,1010,1
1927294699,1,1010,0
1927294699,7,1010,1
1927302025,1,1010,1
1927303565,1,1010,0
1927303565,2,1010,1
1927331421,3,1010,0
1927331421,4,1010,1
1927395118,13,1010,1
1927395118,1,1010,0
1927395118,2,1011,0
1927409647,3,1010,1
1927416970,1,1011,1
1927416970,2,1010,1
1927416970,1,1011,0
1927416970,1,1010,0
1927465679,2,1010,1
1927483569,1,1010,0
1927483569,4,1010,1
1927483569,1,1011,0
1927486275,2,1010,0
1927486275,4,1010,1
1927486275,4,1011,0
1927491083,2,1010,1
1927534020,3,1010,1
1927566062,1,1010,1
1927566062,1,1010,0
1927568014,1,1010,0
1927568014,2,1010,1
1927571593,1,1010,0
1927577405,1,1010,1
1927611651,1,1010,1
1927619988,1,1010,1
1927622113,1,1010,1
1927627665,2,1010,1
1927639413,1,1010,0
1927639413,2,1010,1
1927639413,1,1011,0
1927640908,2,1010,0
1927640908,2,1010,1
1927640908,1,1011,1
1927640908,1,1011,0
1927642143,1,1010,1
1927645760,4,1010,1
1927645760,1,1010,0
1927645760,1,1011,1
1927653868,1,1010,1
1927662205,1,1011,0
1927662205,3,1010,1
1927671344,1,1010,1
1927675348,2,1010,1
1927675348,1,1011,1
1927688153,2,1010,1
1927691669,1,1011,1
1927691669,4,1010,1
1927703696,2,1010,0
1927703696,3,1010,1
1927704996,1,1010,0
1927709793,1,1010,1
1927709793,1,1011,1
1927713080,2,1010,1
1927739235,1,1010,1
1927747627,1,1010,1
1927751791,1,1010,1
1927756451,1,1010,0
1927763211,2,1010,1
1927768241,9,1010,1
1927768241,3,1011,1
1927768241,3,1011,0
1927779391,2,1010,1
1927779906,2,1010,1
1927790037,2,1010,1
1927797103,1,1011,1
1927797103,5,1010,1
1927799317,2,1011,1
1927799317,2,1010,1
1927806996,3,1010,1
1927809814,2,1010,1
1927809814,1,1010,0
1927809900,2,1010,1
1927809900,2,1011,0
1927815009,2,1010,1
1927815009,1,1010,0
1927824866,2,1010,1
1927856330,3,1010,0
1927856330,4,1010,1
1927862972,1,1010,0
1927862972,1,1011,1
1927862972,3,1010,1
1927865032,1,1010,0
1927865986,1,1010,1
1927868688,2,1011,0
1927868688,1,1010,1
1927868688,2,1010,0
1927872209,1,1010,1
1927874245,1,1010,0
1927882445,1,1010,1
1927887257,1,1010,1
1927888399,2,1010,1
1927888711,1,1010,1
1927892163,1,1010,0
1927892163,3,1010,1
1927892163,2,1011,1
1927895583,9,1010,0
1927895583,8,1010,1
1927895583,1,1011,0
1927906565,1,1010,0
1927906565,1,1010,1
1927911675,4,1010,1
1927911675,1,1011,1
1927914419,2,1011,0
1927914419,4,1010,0
1927914419,3,1010,1
1927933919,1,1010,0
1927933919,1,1011,0
1927933919,8,1010,1
1927933919,1,1011,1
1927937081,2,1011,0
1927937081,8,1010,1
1927937081,4,1010,0
1927952570,1,1010,0
1927954002,2,1010,1
1927954002,2,1011,0
1927954002,1,1010,0
1927957430,2,1010,1
1927957430,2,1010,0
1927957430,1,1011,0
1927957430,2,1011,1
1927958146,1,1010,1
1927961074,4,1010,1
1927961074,1,1010,0
1927964385,1,1011,1
1927964385,2,1010,0
1927964385,4,1010,1
1927968016,1,1010,1
1927977449,1,1010,1
1927978457,1,1011,1
1927978457,3,1010,1
1927982234,1,1022,1
1927982234,4,1010,1
1927982234,2,1010,0
1927982234,1,1022,0
1927986201,1,1010,1
1927988981,1,1010,0
1927988981,1,1011,1
1927988981,5,1010,1
1927988981,1,1011,0
1927992027,1,1010,1
1927993771,2,1010,0
1927997813,1,1010,1
1927997962,3,1010,1
1927997962,1,1010,0
1927998038,1,1010,0
1928001148,1,1010,1
1928002826,2,1010,1
1928003152,4,1010,0
1928003152,5,1010,1
1928008301,1,1011,0
1928008301,3,1010,1
1928008301,1,1011,1
1928008301,2,1010,0
1928011830,1,1010,1
1928011989,2,1010,1
1928011989,1,1010,0
1928013436,3,1010,1
1928029938,2,1010,0
1928029938,3,1010,1
1928031740,2,1010,1
1928034849,2,1010,1
1928035522,2,1010,1
1928035522,4,1010,0
1928039477,2,1010,1
1928041392,3,1010,0
1928041392,1,1010,1
1928042520,2,1010,1
1928044538,1,1010,1
1928046585,5,1010,1
1928048298,1,1010,0
1928048298,1,1010,1
1928048611,3,1010,0
1928048611,4,1010,1
1928048682,3,1010,1
1928048682,1,1011,1
1928048682,2,1010,0
1928049343,2,1010,1
1928050060,1,1010,0
1928050060,2,1010,1
1928050176,1,1010,1
1928052506,3,1010,1
1928052977,2,1010,1
1928058498,1,1011,0
1928058498,3,1010,1
1928058859,1,1010,0
1928058859,2,1010,1
1928061171,2,1010,1
1928061171,2,1010,0
1928062845,1,1010,1
1928062845,1,1010,0
1928062952,2,1010,1
1928062952,1,1010,0
1928063240,2,1011,0
1928063240,4,1010,1
1928065427,1,1010,0
1928065427,2,1010,1
1928066261,2,1010,1
1928066261,1,1010,0
1928067568,1,1011,0
1928067568,3,1010,1
1928067568,4,1010,0
1928067850,2,1010,1
1928068388,1,1010,1
1928068900,6,1010,0
1928071008,1,1010,0
1928071008,3,1010,1
1928071008,1,1011,0
1928071008,1,1011,1
1928072906,1,1010,0
1928072906,2,1010,1
1928073503,1,1010,1
1928073709,4,1010,1
1928073709,2,1011,1
1928073709,1,1010,0
1928075668,2,1010,0
1928075668,1,1010,1
1928076661,1,1010,1
1928077351,1,1011,1
1928077351,2,1010,1
1928077417,2,1011,0
1928077417,1,1010,0
1928077417,2,1010,1
1928079511,1,1010,1
1928079718,5,1010,1
1928079999,14,1010,1
1928079999,5,1011,0
1928079999,1,1010,0
1928080470,4,1011,0
1928080470,21,1010,1
1928080470,15,1011,1
1928080470,5,1010,0
1928080994,1,1010,1
1928080994,2,1010,0
1928082464,2,1010,0
1928082464,1,1010,1
1928083377,2,1010,1
1928083520,3,1010,0
1928083520,1,1011,0
1928083520,5,1010,1
1928085506,2,1010,1
1928088408,1,1010,1
1928088599,2,1011,0
1928088599,7,1010,1
1928088599,2,1011,1
1928090693,2,1010,1
1928090693,1,1011,0
1928090759,1,1010,1
1928091678,2,1022,1
1928091678,1,1011,1
1928091678,7,1010,1
1928091678,1,1022,0
1928091678,1,1010,0
1928091734,3,1010,1
1928091734,1,1010,0
1928092399,1,1022,1
1928092399,2,1010,0
1928092399,12,1010,1
1928092399,3,1022,0
1928092399,2,1011,0
1928092399,1,1011,1
1928094073,1,1011,0
1928094073,2,1010,0
1928094073,3,1010,1
1928094587,2,1011,1
1928094587,1,1011,0
1928094587,3,1010,1
1928095342,1,1010,0
1928095342,3,1010,1
1928097184,1,1010,1
1928103134,3,1011,0
1928103134,5,1010,1
1928103134,1,1010,0
1928103189,3,1010,1
1928103189,2,1010,0
1928110647,1,1010,1
1928110736,1,1010,1
1928111492,3,1010,0
1928111492,3,1010,1
1928111758,1,1010,1
1928112599,2,1010,1
1928112736,2,1010,1
1928113558,1,1010,1
1928114246,1,1010,1
1928116124,3,1010,0
1928116124,3,1010,1
1928116130,1,1010,0
1928117089,5,1010,1
1928117428,4,1011,1
1928117428,17,1010,1
1928117428,7,1011,0
1928117428,4,1010,0
1928117664,1,1011,0
1928117664,3,1010,1
1928118264,1,1010,0
1928118264,6,1010,1
1928118672,2,1010,1
1928118728,1,1010,1
1928119185,2,1010,1
1928119185,1,1010,0
1928119323,1,1010,0
1928119323,2,1010,1
1928119366,2,1010,1
1928119533,1,1010,1
1928119636,1,1010,0
1928119636,4,1010,1
1928120122,3,1010,0
1928120122,3,1010,1
1928120269,1,1010,1
1928120683,1,1010,0
1928120770,1,1010,0
1928120770,3,1011,1
1928120770,3,1010,1
1928120876,1,1010,0
1928120876,7,1010,1
1928120901,1,1010,1
1928121583,1,1011,0
1928121583,2,1010,1
1928121583,1,1010,0
1928121744,2,1010,1
1928122269,1,1010,1
1928122430,1,1010,1
1928122486,2,1011,1
1928122486,7,1010,1
1928122653,1,1010,1
1928122954,2,1010,1
1928123026,4,1010,1
1928123026,1,1010,0
1928123034,4,1010,1
1928123034,3,1010,0
1928123331,1,1010,1
1928124164,2,1010,1
1928124235,2,1010,1
1928124235,1,1011,0
1928124377,1,1010,1
1928124555,1,1010,0
1928124629,1,1010,0
1928124629,2,1010,1
1928124724,4,1010,0
1928124724,4,1010,1
1928124842,3,1010,1
1928124909,2,1010,1
1928125010,1,1011,1
1928125010,4,1010,0
1928125010,3,1010,1
1928125084,5,1010,1
1928125084,2,1010,0
1928125173,3,1010,1
1928125173,1,1011,0
1928125823,2,1010,0
1928126508,1,1010,0
1928126508,1,1010,1
1928126679,1,1011,0
1928126679,4,1010,1
1928126679,10,1010,0
1928127514,1,1010,1
1928127709,2,1010,1
1928127709,1,1010,0
1928127783,1,1010,0
1928127908,10,1010,0
1928127908,9,1010,1
1928128036,1,1010,1
1928128089,1,1010,1
1928128190,1,1010,1
1928128400,4,1010,0
1928128400,8,1010,1
1928128711,2,1010,0
1928129166,2,1010,1
1928129401,4,1010,1
1928130753,1,1010,0
1928130753,2,1010,1
1928131129,1,1011,1
1928131129,4,1010,1
1928131129,3,1010,0
1928131242,2,1010,0
1928131242,3,1010,1
1928131893,10,1010,1
1928131893,2,1010,0
1928131925,2,1010,1
1928132089,3,1010,1
1928132263,5,1010,1
1928132263,2,1010,0
1928132391,1,1010,1
1928132391,1,1010,0
1928132778,1,1010,0
1928132778,1,1010,1
1928133491,1,1011,1
1928133491,5,1010,1
1928133491,2,1010,0
1928133491,1,1011,0
1928133587,1,1010,1
1928133638,1,1011,0
1928133638,1,1011,1
1928133638,2,1010,1
1928133778,2,1010,1
1928133778,1,1011,1
1928133811,2,1010,1
1928134756,3,1010,1
1928135370,3,1010,0
1928135370,1,1011,0
1928135370,5,1010,1
1928135907,8,1010,1
1928135907,1,1010,0
1928136164,1,1010,1
1928136410,6,1010,1
1928136410,1,1022,0
1928136410,1,1011,0
1928136410,1,1010,0
1928136773,10,1010,1
1928136773,1,1011,0
1928136773,1,1010,0
1928137611,5,1010,1
1928137888,2,1010,1
1928137888,1,1010,0
1928137976,1,1010,0
1928138537,1,1010,1
1928138838,2,1010,1
1928139054,1,1010,1
1928139220,2,1010,1
1928139220,1,1010,0
1928139283,2,1010,0
1928139283,5,1010,1
1928139398,4,1010,1
1928139398,4,1010,0
1928139573,1,1010,0
1928139573,2,1010,1
1928139692,6,1010,1
1928139692,2,1010,0
1928139898,2,1010,1
1928140452,14,1010,0
1928140452,12,1010,1
1928140536,1,1010,0
1928140536,2,1010,1
1928141187,2,1010,0
1928141187,2,1010,1
1928141304,2,1010,1
1928141781,1,1010,1
1928142399,1,1011,1
1928142399,2,1010,0
1928142399,4,1011,0
1928142399,3,1010,1
1928142637,2,1010,1
1928142745,1,1010,1
1928143143,1,1010,1
1928143463,4,1010,1
1928143463,1,1010,0
1928144248,3,1010,1
1928144248,1,1011,0
1928144248,1,1010,0
1928144610,1,1010,1
1928145105,2,1010,1
1928145332,2,1010,0
1928145332,2,1011,0
1928145332,3,1010,1
1928145376,2,1010,1
1928145696,3,1011,0
1928145696,3,1010,1
1928145975,2,1010,0
1928145975,3,1010,1
1928146168,11,1010,1
1928146654,3,1010,1
1928146654,1,1011,0
1928146654,2,1010,0
1928146739,2,1010,1
1928146802,3,1010,1
1928146930,2,1010,0
1928146930,6,1010,1
1928146981,1,1010,0
1928146981,1,1011,1
1928146981,2,1010,1
1928147216,1,1010,1
1928147284,2,1010,1
1928147393,1,1010,1
1928147556,4,1010,1
1928147556,1,1011,1
1928147613,1,1010,0
1928147739,1,1010,1
1928148001,2,1010,1
1928148001,1,1011,0
1928148240,1,1010,0
1928148282,2,1010,1
1928148525,2,1010,1
1928148832,3,1022,0
1928148832,5,1010,1
1928148832,3,1010,0
1928148909,2,1010,1
1928149115,8,1011,1
1928149115,3,1022,0
1928149115,11,1010,1
1928149115,1,1010,0
1928149115,2,1011,0
1928149115,1,1022,1
1928149252,4,1010,1
1928149252,2,1011,0
1928149434,1,1010,1
1928149436,1,1010,0
1928149436,2,1010,1
1928149535,2,1010,1
1928149674,1,1010,1
1928149674,2,1010,0
1928149739,1,1010,1
1928149768,13,1010,1
1928149768,2,1011,0
1928149768,6,1011,1
1928149768,2,1010,0
1928149893,2,1010,1
1928149940,4,1010,1
1928149940,1,1010,0
1928150108,1,1010,1
1928150108,2,1010,0
1928150204,6,1010,1
1928150204,1,1011,0
1928150204,2,1022,0
1928150204,1,1010,0
1928150204,1,1011,1
1928150204,1,1022,1
1928150264,1,1011,0
1928150264,1,1010,0
1928150264,7,1010,1
1928150468,1,1010,1
1928150492,3,1010,1
1928150492,2,1010,0
1928150496,2,1010,1
1928150501,3,1010,1
1928150551,2,1010,1
1928150572,4,1010,1
1928150587,1,1010,0
1928150683,1,1010,1
1928150744,1,1010,1
1928150744,1,1010,0
1928150865,6,1010,1
1928150865,1,1010,0
1928150865,1,1011,0
1928151264,2,1010,0
1928151264,2,1010,1
1928151423,3,1010,1
1928151584,1,1011,0
1928151584,1,1011,1
1928151584,4,1010,1
1928151584,4,1010,0
1928151651,2,1010,1
1928151698,2,1022,0
1928151698,1,1011,0
1928151698,7,1010,1
1928151844,3,1010,1
1928151853,1,1011,0
1928151853,3,1010,1
1928151867,1,1010,1
1928152046,4,1010,1
1928152046,1,1010,0
1928152212,1,1010,0
1928152212,2,1010,1
1928152295,1,1010,1
1928152416,1,1010,1
1928152525,2,1010,1
1928152688,3,1010,1
1928152702,1,1010,0
1928152702,1,1011,0
1928152702,2,1010,1
1928152900,2,1010,1
1928152900,1,1010,0
1928152900,1,1011,0
1928152999,3,1010,0
1928152999,4,1010,1
1928153106,3,1011,1
1928153106,5,1011,0
1928153106,14,1010,1
1928153106,4,1010,0
1928153446,4,1010,1
1928153484,2,1010,1
1928153484,1,1011,1
1928153644,1,1010,0
1928153665,1,1010,1
1928153689,1,1010,1
1928153774,2,1010,1
1928153807,1,1010,1
1928153807,2,1010,0
1928153904,2,1010,1
1928154127,1,1010,1
1928154174,1,1010,0
1928154174,1,1010,1
1928154192,3,1010,1
1928154253,1,1011,1
1928154253,5,1010,1
1928154253,6,1010,0
1928154261,1,1010,0
1928154261,5,1010,1
1928154261,1,1011,0
1928154347,3,1010,1
1928154347,1,1010,0
1928154407,1,1011,1
1928154407,3,1010,1
1928154559,1,1010,1
1928154559,1,1010,0
1928154902,3,1011,1
1928154902,2,1010,1
1928155170,2,1011,0
1928155170,1,1022,0
1928155170,2,1010,0
1928155170,8,1010,1
1928155230,2,1010,1
1928155290,1,1011,1
1928155290,3,1010,1
1928155295,8,1010,1
1928155295,1,1011,1
1928155295,1,1022,0
1928155380,2,1010,0
1928155380,2,1011,1
1928155380,3,1010,1
1928155380,1,1011,0
1928155403,1,1010,1
1928155626,1,1010,1
1928155648,2,1010,1
1928155754,4,1010,1
1928155754,1,1011,1
1928155754,1,1010,0
1928155857,1,1010,1
1928156634,2,1010,1
1928156634,1,1011,1
1928156638,5,1010,1
1928156638,7,1010,0
1928156978,1,1010,0
1928157027,5,1010,1
1928157027,2,1010,0
1928157128,4,1010,1
1928157128,2,1010,0
1928157167,1,1010,1
1928157167,1,1010,0
1928157254,1,1010,1
1928157398,3,1010,1
1928157398,1,1011,0
1928157398,4,1010,0
1928157403,4,1010,1
1928157403,3,1010,0
1928157403,1,1011,1
1928157403,3,1011,0
1928157428,1,1010,1
1928157430,2,1010,1
1928157516,5,1010,1
1928157516,2,1011,0
1928157516,2,1011,1
1928157522,3,1010,1
1928157522,1,1010,0
1928157522,3,1011,1
1928157555,2,1010,1
1928157575,1,1010,1
1928157951,2,1010,1
1928157958,1,1010,0
1928157958,1,1011,0
1928157958,4,1010,1
1928157958,2,1011,1
1928158011,2,1010,1
1928158388,1,1011,1
1928158388,1,1011,0
1928158388,2,1010,1
1928158388,1,1010,0
1928158688,1,1010,1
1928158767,6,1010,1
1928158782,2,1010,0
1928158782,2,1010,1
1928158834,1,1010,1
1928158867,1,1011,1
1928158867,5,1010,1
1928158961,1,1010,1
1928159003,1,1010,1
1928159037,1,1010,1
1928159093,2,1010,1
1928159093,2,1010,0
1928159118,1,1010,0
1928159118,4,1010,1
1928159226,1,1010,0
1928159226,1,1010,1
1928159458,2,1010,0
1928159458,1,1010,1
1928159486,1,1010,1
1928159506,2,1011,0
1928159506,2,1010,1
1928159530,1,1010,0
1928159629,4,1010,1
1928159629,1,1010,0
1928159719,4,1010,1
1928159719,1,1011,1
1928159719,1,1011,0
1928160068,4,1010,1
1928160068,1,1011,1
1928160068,3,1010,0
1928160071,3,1010,1
1928160107,1,1010,1
1928160110,2,1010,1
1928160119,1,1010,1
1928160138,2,1010,1
1928160138,1,1011,1
1928160138,1,1011,0
1928160549,2,1010,1
1928160588,5,1011,1
1928160588,1,1011,0
1928160588,16,1010,1
1928160588,3,1010,0
1928160745,2,1010,1
1928160792,1,1010,1
1928160891,1,1010,1
1928160939,1,1010,0
1928160939,3,1010,1
1928161011,1,1010,1
1928161347,1,1010,1
1928161347,3,1010,0
1928161671,1,1010,1
1928161672,2,1010,1
1928161672,2,1011,1
1928161814,6,1010,1
1928161824,4,1010,1
1928161912,1,1010,1
1928161941,1,1010,0
1928161941,3,1010,1
1928162064,3,1010,0
1928162064,3,1010,1
1928162351,1,1011,1
1928162351,2,1010,1
1928162500,5,1010,1
1928162500,4,1010,0
1928162516,1,1010,0
1928162516,1,1011,1
1928162516,4,1010,1
1928162720,1,1011,0
1928162720,5,1010,1
1928162720,3,1010,0
1928162795,8,1010,1
1928162795,1,1011,0
1928162795,4,1010,0
1928162877,2,1011,0
1928162877,3,1010,1
1928162926,2,1010,1
1928162967,1,1011,0
1928162967,3,1010,1
1928162967,1,1010,0
1928162990,1,1010,1
1928162990,1,1010,0
1928163118,1,1010,0
1928163118,3,1010,1
1928163140,2,1010,1
1928163203,2,1010,1
1928163203,1,1011,1
1928163317,1,1010,1
1928163321,2,1010,1
1928163797,5,1010,1
1928163883,1,1010,1
1928163976,1,1010,1
1928164127,2,1010,1
1928164319,2,1010,1
1928164319,1,1011,0
1928164319,1,1010,0
1928164506,4,1010,1
1928164538,2,1010,1
1928164790,3,1011,1
1928164790,9,1010,1
1928164790,3,1010,0
1928165093,2,1010,1
1928165093,1,1010,0
1928165108,1,1010,0
1928165205,6,1010,1
1928165503,2,1010,1
1928165777,5,1010,0
1928165777,3,1010,1
1928165825,1,1010,1
1928165907,1,1010,0
1928165907,1,1010,1
1928165973,1,1010,1
1928166000,2,1010,1
1928166032,1,1010,1
1928166478,10,1010,1
1928166478,1,1011,1
1928166579,2,1010,1
1928167671,8,1010,1
1928167671,6,1011,1
1928167671,1,1022,0
1928167671,3,1011,0
1928167855,6,1010,1
1928167855,1,1010,0
1928168118,1,1010,1
1928168556,2,1010,1
1928168556,1,1011,0
1928168627,1,1010,1
1928168627,1,1010,0
1928168917,2,1010,1
1928168921,3,1010,1
1928169808,1,1010,1
1928171598,4,1010,1
1928171735,3,1010,1
1928171735,1,1011,0
1928171735,2,1010,0
1928171997,5,1010,1
1928172538,1,1010,1
1928172792,4,1010,0
1928172792,2,1011,1
1928172792,2,1022,0
1928172792,5,1010,1
1928172889,2,1011,0
1928172889,1,1011,1
1928172889,18,1010,1
1928172889,4,1010,0
1928173186,1,1010,0
1928173795,1,1010,0
1928174177,2,1010,1
1928174319,2,1010,0
1928174319,4,1010,1
1928175314,2,1010,1
1928175314,4,1010,0
1928175704,1,1010,0
1928175704,4,1010,1
1928175968,1,1010,0
1928175968,5,1010,1
1928175968,4,1011,0
1928176709,3,1010,1
1928176803,1,1010,0
1928176803,5,1010,1
1928177338,1,1010,1
1928178041,2,1010,0
1928178041,1,1010,1
1928178196,1,1010,1
1928178522,8,1010,1
1928178744,1,1010,0
1928178744,1,1010,1
1928178904,1,1010,1
1928179607,2,1010,1
1928179889,3,1011,0
1928179889,11,1010,1
1928179889,2,1011,1
1928180267,2,1010,1
1928180488,1,1011,0
1928180488,4,1010,0
1928180488,3,1010,1
1928180642,1,1010,0
1928180906,6,1011,1
1928180906,12,1010,1
1928180906,4,1011,0
1928180906,1,1010,0
1928181464,3,1010,0
1928181464,3,1010,1
1928181687,2,1010,0
1928181687,3,1011,0
1928181687,4,1011,1
1928181687,12,1010,1
1928181784,2,1010,1
1928182040,1,1010,0
1928182040,5,1010,1
1928182282,2,1010,0
1928182282,1,1010,1
1928183083,2,1010,1
1928183169,1,1010,1
1928183169,1,1010,0
1928183198,1,1011,0
1928183198,4,1010,1
1928183198,1,1011,1
1928183618,2,1010,1
1928183784,1,1010,0
1928183827,16,1010,1
1928183827,7,1011,1
1928183827,10,1011,0
1928183827,5,1010,0
1928184087,1,1010,1
1928184243,5,1010,1
1928184339,1,1010,1
1928184548,1,1010,0
1928184548,2,1010,1
1928184605,1,1010,0
1928184605,2,1010,1
1928184832,1,1011,1
1928184832,3,1010,1
1928184832,1,1010,0
1928184858,3,1010,0
1928184858,2,1011,0
1928184858,4,1011,1
1928184858,3,1010,1
1928185026,1,1011,1
1928185026,2,1010,1
1928185114,2,1010,1
1928185358,2,1011,1
1928185358,14,1010,1
1928185358,2,1010,0
1928185358,6,1011,0
1928185372,1,1011,0
1928185372,3,1010,1
1928185395,4,1010,1
1928185395,1,1010,0
1928185395,2,1011,1
1928185408,1,1010,1
1928185461,1,1010,1
1928185673,2,1010,1
1928185673,1,1010,0
1928185678,1,1010,1
1928185737,3,1010,1
1928185739,1,1010,1
1928185742,1,1010,0
1928185782,1,1011,1
1928185782,3,1010,1
1928185875,1,1010,1
1928185894,3,1010,1
1928185956,2,1010,1
1928185965,2,1010,1
1928186243,3,1010,1
1928186243,2,1010,0
1928186318,1,1010,1
1928186353,2,1010,1
1928186353,2,1010,0
1928186402,2,1010,0
1928186558,1,1011,1
1928186558,5,1010,1
1928186558,1,1010,0
1928186585,1,1010,1
1928186585,1,1010,0
1928186829,2,1010,1
1928186858,1,1010,1
1928186921,2,1010,1
1928186978,1,1010,1
1928186979,2,1011,0
1928186979,8,1010,1
1928186979,3,1011,1
1928187010,1,1010,1
1928187106,5,1010,1
1928187106,1,1010,0
1928187191,3,1010,1
1928187191,2,1011,0
1928187274,1,1010,1
1928187290,3,1010,1
1928187290,1,1010,0
1928187362,2,1010,1
1928187460,2,1010,1
1928187478,2,1010,1
1928187485,3,1010,1
1928187485,2,1011,1
1928187597,2,1010,1
1928187634,1,1011,0
1928187634,2,1010,1
1928187797,1,1010,1
1928187854,1,1010,1
1928188246,1,1010,0
1928188246,2,1010,1
1928188259,1,1011,0
1928188259,1,1010,0
1928188259,3,1010,1
1928188259,1,1011,1
1928188264,8,1010,1
1928188264,3,1011,0
1928188264,5,1011,1
1928188264,5,1010,0
1928188268,2,1011,0
1928188268,9,1010,1
1928188268,1,1011,1
1928188268,6,1010,0
1928188416,1,1010,1
1928188429,1,1010,0
1928188429,2,1010,1
1928188544,1,1010,0
1928188662,1,1011,1
1928188662,1,1010,0
1928188662,3,1010,1
1928188669,2,1010,1
1928188672,1,1010,0
1928188820,2,1010,1
1928188850,2,1010,1
1928188855,1,1010,1
1928189001,1,1011,0
1928189001,1,1022,1
1928189001,3,1022,0
1928189001,4,1010,1
1928189001,3,1010,0
1928189079,1,1010,1
1928189152,3,1011,0
1928189152,11,1010,1
1928189152,9,1010,0
1928189194,1,1010,1
1928189230,1,1011,1
1928189230,6,1010,1
1928189330,1,1010,1
1928189404,3,1010,0
1928189404,4,1010,1
1928189511,4,1010,1
1928189511,1,1010,0
1928189515,1,1011,1
1928189515,2,1010,0
1928189515,2,1010,1
1928189609,2,1010,1
1928189628,2,1010,0
1928189628,1,1011,1
1928189628,4,1010,1
1928189628,4,1011,0
1928189638,1,1010,0
1928189640,1,1010,1
1928189663,1,1010,0
1928189760,1,1010,1
1928189822,8,1010,1
1928189822,4,1010,0
1928189822,2,1011,0
1928189861,1,1011,0
1928189861,3,1010,1
1928189863,1,1010,1
1928189885,1,1010,1
1928190003,1,1010,1
1928190031,1,1011,0
1928190031,1,1011,1
1928190031,8,1010,1
1928190031,4,1010,0
1928190047,2,1010,1
1928190055,1,1010,1
1928190099,3,1010,1
1928190099,1,1011,0
1928190176,1,1010,1
1928190188,1,1010,1
1928190208,2,1010,0
1928190208,7,1011,1
1928190208,6,1011,0
1928190208,14,1010,1
1928190272,2,1010,1
1928190288,2,1011,0
1928190288,7,1010,1
1928190288,3,1011,1
1928190333,1,1010,1
1928190367,5,1011,1
1928190367,8,1010,1
1928190383,1,1010,0
1928190383,7,1010,1
1928190383,2,1011,1
1928190383,1,1011,0
1928190386,3,1010,1
1928190386,1,1011,0
1928190428,2,1010,0
1928190428,1,1011,0
1928190428,2,1010,1
1928190492,2,1010,1
1928190604,1,1010,1
1928190607,5,1010,1
1928190643,2,1010,1
1928190715,3,1010,1
1928190715,1,1010,0
1928190715,1,1011,1
1928190750,2,1010,1
1928190750,2,1010,0
1928190801,1,1010,1
1928190821,2,1010,1
1928190824,1,1011,1
1928190824,2,1010,0
1928190824,4,1010,1
1928190888,2,1010,1
1928190888,1,1011,1
1928190888,1,1010,0
1928191001,1,1010,1
1928191132,2,1010,1
1928191152,1,1010,1
1928191152,2,1010,0
1928191209,1,1011,0
1928191209,5,1010,1
1928191246,1,1010,0
1928191263,1,1010,1
1928191266,2,1010,1
1928191317,1,1010,1
1928191317,1,1010,0
1928191440,5,1010,1
1928191440,2,1011,1
1928191837,2,1010,1
1928191845,2,1010,1
1928191845,1,1011,1
1928191920,5,1010,1
1928191988,12,1011,1
1928191988,1,1010,0
1928191988,11,1010,1
1928191988,3,1011,0
1928192081,4,1010,1
1928192081,2,1011,0
1928192196,1,1010,1
1928192296,1,1010,1
1928192304,1,1011,1
1928192304,2,1010,1
1928192503,3,1011,1
1928192503,1,1011,0
1928192503,9,1010,1
1928192503,1,1010,0
1928192506,1,1010,0
1928192543,3,1010,1
1928192706,1,1010,1
1928192797,5,1010,1
1928192797,1,1010,0
1928192797,1,1011,1
1928192812,2,1010,0
1928192812,3,1010,1
1928192858,2,1010,1
1928192858,1,1011,0
1928192901,1,1010,0
1928192901,2,1010,1
1928192927,2,1011,1
1928192927,1,1010,0
1928192927,3,1010,1
1928193164,5,1010,1
1928193164,1,1010,0
1928193164,1,1011,1
1928193234,1,1011,1
1928193234,3,1010,1
1928193234,1,1011,0
1928193241,2,1010,1
1928193261,1,1011,0
1928193261,2,1010,1
1928193280,2,1010,1
1928193284,1,1010,1
1928193284,3,1010,0
1928193311,1,1010,1
1928193315,1,1010,0
1928193315,3,1010,1
1928193337,1,1010,1
1928193384,2,1010,1
1928193389,1,1010,0
1928193389,1,1010,1
1928193445,2,1010,1
1928193445,1,1010,0
1928193655,4,1010,1
1928193655,1,1011,1
1928193723,2,1010,1
1928193723,1,1011,0
1928193736,4,1010,1
1928193736,1,1010,0
1928193868,3,1010,1
1928193868,2,1010,0
1928193934,1,1010,0
1928193934,4,1010,1
1928194025,1,1011,1
1928194025,1,1010,0
1928194025,5,1010,1
1928194037,2,1010,1
1928194037,2,1011,1
1928194037,1,1011,0
1928194039,6,1010,1
1928194058,1,1011,0
1928194058,2,1010,1
1928194115,1,1010,0
1928194120,2,1010,1
1928194120,1,1011,1
1928194138,3,1010,1
1928194229,3,1011,0
1928194229,1,1010,0
1928194229,3,1010,1
1928194276,1,1010,1
1928194276,1,1010,0
1928194337,3,1010,1
1928194365,1,1010,1
1928194370,1,1010,0
1928194370,1,1010,1
1928194440,3,1010,1
1928194471,1,1010,0
1928194471,3,1010,1
1928194611,3,1010,0
1928194611,5,1010,1
1928194611,2,1011,0
1928194709,2,1010,0
1928194709,1,1011,1
1928194709,2,1010,1
1928194909,4,1010,1
1928194936,1,1010,1
1928194936,1,1010,0
1928194969,1,1010,0
1928194969,3,1010,1
1928195048,1,1010,1
1928195175,2,1010,1
1928195381,2,1010,1
1928195444,1,1010,1
1928195512,3,1010,1
1928195512,1,1010,0
1928195532,1,1010,1
1928195695,2,1010,0
1928195695,3,1010,1
1928195695,3,1011,1
1928195727,2,1010,1
1928195727,1,1011,0
1928195823,1,1011,1
1928195823,1,1011,0
1928195823,2,1010,0
1928195823,3,1010,1
1928195965,1,1010,1
1928195967,1,1010,1
1928195974,1,1010,1
1928196029,1,1010,1
1928196075,2,1010,1
1928196106,1,1010,1
1928196341,1,1010,1
1928196383,2,1010,1
1928196407,2,1010,0
1928196413,1,1010,1
1928196445,4,1010,1
1928196496,1,1011,1
1928196496,3,1010,1
1928196496,1,1011,0
1928196533,1,1010,1
1928196565,3,1010,1
1928196635,1,1010,1
1928197040,1,1010,1
1928197095,2,1010,1
1928197095,1,1011,0
1928197095,1,1011,1
1928197117,1,1011,1
1928197117,1,1010,0
1928197117,4,1010,1
1928197215,1,1010,0
1928197278,1,1010,1
1928197448,1,1010,0
1928197490,1,1011,0
1928197490,4,1010,1
1928197502,1,1010,1
1928197508,1,1010,1
1928197600,1,1010,0
1928197666,3,1010,1
1928197740,2,1010,1
1928197795,2,1010,1
1928198024,1,1011,1
1928198024,4,1010,1
1928198111,5,1010,1
1928198116,6,1010,1
1928198116,3,1010,0
1928198116,1,1011,1
1928198132,3,1010,1
1928198132,4,1010,0
1928198132,1,1011,1
1928198167,5,1010,0
1928198167,7,1010,1
1928198167,1,1011,0
1928198215,3,1011,0
1928198215,6,1010,1
1928198215,5,1010,0
1928198261,3,1010,0
1928198261,4,1010,1
1928198261,1,1011,0
1928198350,1,1010,1
1928198350,1,1010,0
1928198376,5,1010,0
1928198376,1,1010,1
1928198380,1,1010,1
1928198444,1,1010,0
1928198444,2,1010,1
1928198458,1,1010,0
1928198578,2,1010,1
1928198578,1,1010,0
1928198646,1,1010,1
1928198656,2,1010,1
1928198696,2,1010,1
1928198746,3,1010,1
1928198982,1,1011,0
1928198982,3,1010,1
1928199055,3,1010,1
1928199055,2,1011,1
1928199055,3,1010,0
1928199191,1,1010,0
1928199191,1,1010,1
1928199209,2,1010,0
1928199209,18,1010,1
1928199209,6,1011,1
1928199209,11,1011,0
1928199260,2,1010,1
1928199329,1,1011,0
1928199329,3,1010,1
1928199423,1,1010,0
1928199423,1,1010,1
1928199451,1,1010,1
1928199645,4,1010,1
1928199645,1,1011,0
1928199699,3,1010,1
1928199725,2,1010,0
1928199725,1,1011,0
1928199725,5,1010,1
1928199725,1,1011,1
1928199784,1,1011,0
1928199784,1,1010,0
1928199784,2,1011,1
1928199784,2,1010,1
1928199828,3,1010,0
1928199828,2,1011,0
1928199828,5,1010,1
1928199906,3,1010,1
1928199906,1,1011,0
1928199906,2,1011,1
1928199961,1,1010,0
1928199987,5,1010,1
1928199987,2,1010,0
1928200171,2,1010,0
1928200171,6,1010,1
1928200423,3,1010,1
1928200423,3,1011,0
1928200423,1,1010,0
1928200423,3,1011,1
1928200437,1,1011,1
1928200437,4,1010,1
1928200437,2,1010,0
1928200452,2,1010,1
1928200452,1,1010,0
1928200499,1,1010,1
1928200560,1,1011,1
1928200560,2,1010,0
1928200560,4,1010,1
1928200585,4,1010,1
1928200681,2,1010,0
1928200681,2,1010,1
1928200765,1,1010,1
1928200783,1,1010,0
1928200783,3,1011,1
1928200783,2,1011,0
1928200783,6,1010,1
1928200905,2,1010,1
1928200909,2,1011,0
1928200909,2,1010,1
1928201101,1,1010,0
1928201101,2,1011,1
1928201101,1,1011,0
1928201101,3,1010,1
1928201105,3,1010,1
1928201105,1,1011,0
1928201409,2,1011,0
1928201409,1,1011,1
1928201409,3,1010,1
1928201443,2,1011,0
1928201443,2,1010,1
1928201478,1,1010,1
1928201488,1,1010,1
1928201553,2,1010,1
1928201810,1,1010,0
1928201810,2,1010,1
1928201843,1,1010,1
1928201996,2,1010,1
1928202093,1,1010,0
1928202093,2,1010,1
1928202107,1,1010,1
1928202107,1,1010,0
1928202146,2,1010,1
1928202146,1,1011,1
1928202174,2,1010,1
1928202201,1,1010,0
1928202201,2,1011,0
1928202201,3,1010,1
1928202256,1,1010,1
1928202425,1,1010,1
1928202661,2,1010,0
1928203080,1,1010,0
1928203080,2,1010,1
1928203097,2,1010,1
1928203250,1,1010,1
1928203266,1,1010,0
1928203267,3,1010,1
1928203267,1,1011,1
1928203385,2,1010,1
1928203385,1,1010,0
1928203431,1,1010,1
1928203453,3,1010,1
1928203453,1,1011,0
1928203460,1,1010,0
1928203504,1,1011,0
1928203504,2,1010,1
1928203504,1,1011,1
1928203560,2,1010,1
1928203584,2,1010,1
1928203620,2,1010,0
1928203620,2,1010,1
1928203672,3,1010,1
1928203672,1,1011,1
1928203709,2,1010,1
1928203709,1,1011,0
1928203744,1,1011,0
1928203744,2,1010,1
1928203793,2,1010,1
1928203793,1,1010,0
1928203821,1,1010,1
1928203847,1,1010,1
1928204099,1,1010,1
1928204159,2,1010,1
1928204301,1,1011,1
1928204301,2,1010,1
1928204340,1,1010,1
1928204391,4,1010,1
1928204391,2,1011,1
1928204391,2,1010,0
1928204398,1,1011,1
1928204398,2,1010,1
1928204467,2,1010,1
1928204467,1,1010,0
1928204467,1,1011,0
1928204495,2,1010,1
1928204495,1,1011,1
1928204495,4,1010,0
1928204552,3,1010,1
1928204570,1,1011,0
1928204570,4,1010,1
1928204586,2,1010,0
1928204673,4,1010,1
1928204673,1,1011,1
1928204685,1,1010,0
1928204687,1,1010,1
1928204727,2,1010,0
1928204727,2,1010,1
1928204751,2,1022,1
1928204751,11,1011,0
1928204751,2,1022,0
1928204751,16,1011,1
1928204751,15,1010,1
1928204757,1,1011,1
1928204757,2,1010,1
1928204772,4,1010,1
1928204772,2,1010,0
1928204772,1,1011,1
1928204843,1,1011,0
1928204843,4,1010,1
1928204850,2,1010,1
1928204924,1,1010,1
1928204966,1,1010,1
1928205118,2,1010,1
1928205120,2,1010,0
1928205120,1,1010,1
1928205179,4,1010,1
1928205179,1,1010,0
1928205200,2,1010,1
1928205200,1,1010,0
1928205211,1,1010,1
1928205233,3,1010,1
1928205233,1,1011,0
1928205297,1,1011,1
1928205297,3,1010,1
1928205309,1,1010,1
1928205326,2,1011,1
1928205326,1,1011,0
1928205326,3,1010,1
1928205340,1,1010,1
1928205373,1,1010,0
1928205431,1,1010,1
1928205449,2,1011,0
1928205449,3,1010,1
1928205449,2,1010,0
1928205566,1,1011,0
1928205566,5,1010,1
1928205584,2,1010,0
1928205584,3,1010,1
1928205685,2,1010,1
1928205748,3,1011,0
1928205748,6,1010,1
1928205748,5,1011,1
1928205748,1,1010,0
1928205784,1,1010,0
1928205784,1,1010,1
1928205864,1,1010,1
1928205930,2,1010,0
1928205988,1,1010,0
1928206084,3,1010,0
1928206254,2,1010,0
1928206254,2,1010,1
1928206321,1,1010,1
1928206403,2,1010,1
1928206489,2,1010,1
1928206599,1,1010,1
1928206674,1,1011,1
1928206674,1,1022,1
1928206674,1,1010,0
1928206674,10,1010,1
1928206674,3,1011,0
1928206713,2,1010,0
1928206770,1,1011,0
1928206770,2,1010,1
1928206770,1,1010,0
1928206992,2,1010,1
1928206992,2,1011,1
1928206992,1,1010,0
1928207025,2,1010,1
1928207063,1,1011,0
1928207063,3,1011,1
1928207063,3,1010,1
1928207063,1,1010,0
1928207138,1,1010,0
1928207138,2,1010,1
1928207150,2,1010,1
1928207150,1,1010,0
1928207185,1,1010,0
1928207190,3,1010,1
1928207190,1,1010,0
1928207190,1,1011,0
1928207190,1,1011,1
1928207219,2,1010,1
1928207276,1,1010,0
1928207500,1,1011,1
1928207500,1,1010,0
1928207500,4,1010,1
1928207507,1,1011,1
1928207507,3,1010,1
1928207507,1,1011,0
1928207649,2,1010,1
1928207736,1,1011,1
1928207736,1,1010,0
1928207736,2,1010,1
1928207736,1,1011,0
1928207778,1,1010,1
1928207793,1,1010,1
1928207802,1,1010,0
1928207802,1,1011,0
1928207802,4,1010,1
1928207861,1,1010,0
1928207861,1,1011,1
1928207861,2,1011,0
1928207861,3,1010,1
1928207888,2,1010,1
1928207928,1,1010,1
1928207935,2,1010,1
1928207938,3,1010,1
1928207974,1,1011,0
1928207974,2,1010,1
1928208168,2,1011,0
1928208168,2,1011,1
1928208168,8,1010,1
1928208168,2,1022,0
1928208168,1,1010,0
1928208168,1,1022,1
1928208247,1,1010,1
1928208355,1,1010,1
1928208376,5,1010,1
1928208376,1,1011,1
1928208376,1,1010,0
1928208428,1,1011,1
1928208428,3,1010,1
1928208443,1,1010,1
1928208474,1,1010,0
1928208474,5,1011,0
1928208474,4,1010,1
1928208474,1,1011,1
1928208527,2,1011,1
1928208527,8,1010,1
1928208527,11,1010,0
1928208527,3,1011,0
1928208529,1,1010,1
1928208825,2,1010,1
1928208825,1,1011,0
1928208846,1,1010,1
1928208919,2,1010,1
1928208919,1,1011,1
1928208951,1,1010,0
1928208951,8,1010,1
1928208951,3,1011,0
1928209117,5,1010,1
1928209117,3,1010,0
1928209117,3,1011,1
1928209117,3,1011,0
1928209153,2,1010,1
1928209153,1,1011,0
1928209153,1,1010,0
1928209221,1,1010,0
1928209221,1,1010,1
1928209290,8,1010,1
1928209290,2,1011,0
1928209324,3,1010,1
1928209358,2,1010,1
1928209358,2,1010,0
1928209377,7,1010,1
1928209377,2,1011,0
1928209377,5,1011,1
1928209546,1,1010,1
1928209678,1,1010,0
1928209678,1,1010,1
1928209791,2,1010,1
1928209791,2,1011,1
1928209824,1,1010,0
1928209824,2,1010,1
1928209824,1,1011,1
1928209853,1,1010,1
1928209959,1,1010,1
1928210006,5,1010,0
1928210006,6,1010,1
1928210006,1,1011,1
1928210008,1,1010,1
1928210095,1,1010,1
1928210149,3,1010,1
1928210149,2,1010,0
1928210176,2,1010,0
1928210233,1,1011,0
1928210233,2,1010,0
1928210233,6,1010,1
1928210233,1,1011,1
1928210301,3,1010,1
1928210301,1,1010,0
1928210308,1,1010,1
1928210398,1,1010,1
1928210569,1,1010,0
1928210633,1,1010,1
1928210678,1,1010,0
1928210852,3,1010,1
1928210919,2,1010,1
1928210919,1,1011,1
1928210935,7,1010,1
1928210935,1,1022,1
1928210935,2,1010,0
1928210935,1,1011,0
1928211041,1,1010,1
1928211070,1,1010,0
1928211070,2,1010,1
1928211216,2,1010,1
1928211251,2,1010,0
1928211251,1,1011,0
1928211251,2,1010,1
1928211346,4,1010,0
1928211397,1,1010,0
1928211474,1,1010,1
1928211553,1,1010,1
1928211691,1,1010,1
1928211691,1,1010,0
1928211693,1,1010,0
1928212037,2,1010,1
1928212069,1,1010,1
1928212162,1,1010,1
1928212172,4,1010,1
1928212172,1,1010,0
1928212201,1,1010,1
1928212211,1,1010,0
1928212216,1,1010,1
1928212217,1,1010,0
1928212228,2,1011,1
1928212228,2,1010,0
1928212228,4,1010,1
1928212237,6,1010,1
1928212237,2,1011,1
1928212237,1,1011,0
1928212465,1,1010,1
1928212520,4,1010,1
1928212644,2,1010,1
1928212722,2,1010,0
1928212779,1,1010,1
1928212835,1,1022,0
1928212835,1,1010,1
1928212835,1,1010,0
1928212918,1,1010,0
1928212918,2,1010,1
1928213048,1,1010,0
1928213065,3,1010,1
1928213081,2,1010,1
1928213182,4,1010,1
1928213182,1,1010,0
1928213182,2,1011,1
1928213182,1,1011,0
1928213241,3,1010,1
1928213241,1,1011,0
1928213241,1,1010,0
1928213241,1,1011,1
1928213242,1,1011,1
1928213242,3,1010,1
1928213298,1,1010,1
1928213384,2,1022,0
1928213384,1,1011,1
1928213384,4,1010,1
1928213391,1,1011,1
1928213391,3,1010,1
1928213590,2,1011,1
1928213590,1,1011,0
1928213590,4,1010,0
1928213590,6,1010,1
1928213636,1,1010,1
1928213660,1,1010,0
1928213660,3,1010,1
1928213698,1,1010,1
1928213711,1,1010,1
1928213735,1,1011,1
1928213735,2,1010,1
1928213888,2,1010,0
1928213929,1,1011,1
1928213929,2,1010,1
1928213929,1,1010,0
1928214116,1,1010,1
1928214147,4,1010,1
1928214147,3,1011,1
1928214147,1,1010,0
1928214147,2,1011,0
1928214160,1,1010,0
1928214160,3,1010,1
1928214222,4,1010,1
1928214222,1,1011,0
1928214419,1,1010,1
1928214480,1,1011,0
1928214480,2,1010,1
1928214620,1,1010,1
1928214694,2,1011,1
1928214694,2,1010,0
1928214694,5,1010,1
1928214694,3,1011,0
1928214822,1,1010,1
1928214855,2,1010,1
1928214855,1,1011,0
1928214953,2,1010,1
1928214969,1,1011,0
1928214969,1,1011,1
1928214969,2,1010,1
1928215004,1,1011,0
1928215004,3,1010,1
1928215008,3,1010,1
1928215008,2,1022,0
1928215008,1,1011,0
1928215036,1,1010,1
1928215164,2,1010,1
1928215176,1,1010,1
1928215232,2,1010,0
1928215232,1,1011,0
1928215232,1,1011,1
1928215232,4,1010,1
1928215269,2,1010,1
1928215358,1,1010,1
1928215426,4,1010,1
1928215426,2,1011,1
1928215692,1,1010,1
1928215704,1,1011,1
1928215704,8,1010,1
1928215797,2,1010,1
1928215803,1,1011,0
1928215803,1,1011,1
1928215803,4,1010,1
1928215803,1,1010,0
1928215907,2,1010,1
1928216178,1,1010,1
1928216291,1,1010,0
1928216347,1,1010,1
1928216392,3,1010,1
1928216421,1,1010,1
1928216469,1,1010,1
1928216612,1,1010,1
1928216626,6,1011,1
1928216626,4,1011,0
1928216626,9,1010,1
1928216654,1,1010,1
1928216760,1,1022,0
1928216760,1,1010,0
1928216760,5,1010,1
1928216908,3,1010,1
1928216908,1,1011,0
1928216949,1,1010,0
1928216949,2,1010,1
1928216968,1,1010,0
1928216968,2,1010,1
1928217036,2,1010,0
1928217123,1,1010,1
1928217165,1,1010,1
1928217235,2,1010,1
1928217235,1,1010,0
1928217235,1,1011,0
1928217287,1,1010,0
1928217287,4,1010,1
1928217375,1,1010,0
1928217493,1,1010,1
1928217531,1,1010,0
1928217531,1,1010,1
1928217552,1,1010,1
1928217581,1,1010,1
1928217665,1,1010,1
1928217768,2,1010,1
1928217768,1,1011,0
1928217816,1,1010,0
1928217816,1,1011,1
1928217816,2,1010,1
1928217817,1,1010,1
1928217863,1,1011,0
1928217863,1,1010,0
1928217863,3,1010,1
1928217863,1,1011,1
1928217864,3,1010,0
1928217864,2,1010,1
1928217937,1,1010,0
1928217937,2,1010,1
1928217937,1,1011,1
1928217946,2,1010,0
1928217946,3,1010,1
1928217946,1,1011,1
1928218041,2,1010,1
1928218044,2,1022,1
1928218044,3,1010,1
1928218044,5,1022,0
1928218044,2,1011,1
1928218096,1,1010,0
1928218096,3,1010,1
1928218163,7,1010,1
1928218163,1,1022,0
1928218163,3,1011,1
1928218198,4,1010,1
1928218198,3,1010,0
1928218198,2,1011,1
1928218198,1,1011,0
1928218231,2,1010,1
1928218625,3,1010,1
1928218625,1,1011,1
1928218677,2,1010,1
1928218687,2,1010,1
1928218774,2,1010,1
1928218787,2,1010,1
1928218787,1,1010,0
1928218787,1,1011,0
1928218873,1,1010,1
1928218924,2,1010,1
1928218981,6,1010,1
1928218981,2,1010,0
1928218981,2,1011,0
1928218981,2,1011,1
1928219003,2,1010,0
1928219044,5,1010,1
1928219044,1,1011,1
1928219044,1,1010,0
1928219086,1,1011,0
1928219086,2,1010,1
1928219133,2,1010,0
1928219133,1,1011,1
1928219133,3,1010,1
1928219254,1,1011,1
1928219254,4,1010,1
1928219271,1,1010,1
1928219298,2,1010,1
1928219298,1,1010,0
1928219298,2,1011,1
1928219298,2,1011,0
1928219379,2,1010,1
1928219379,1,1011,1
1928219429,2,1010,1
1928219429,1,1010,0
1928219495,1,1010,1
1928219504,2,1010,1
1928219504,1,1011,0
1928219504,1,1010,0
1928219595,5,1010,1
1928219595,1,1011,0
1928219595,3,1010,0
1928219613,1,1010,1
1928219623,2,1010,1
1928219623,1,1010,0
1928219745,2,1010,1
1928219769,1,1010,1
1928219821,1,1011,0
1928219821,1,1010,0
1928219821,5,1010,1
1928219821,5,1011,1
1928219902,2,1010,1
1928219965,2,1010,1
1928219976,2,1010,0
1928219976,2,1010,1
1928220000,1,1010,1
1928220019,2,1010,1
1928220019,6,1022,0
1928220207,1,1010,1
1928220252,1,1010,1
1928220271,2,1010,0
1928220512,1,1010,0
1928220512,1,1010,1
1928220636,7,1010,1
1928220636,1,1011,0
1928220636,4,1011,1
1928220636,1,1010,0
1928220640,6,1010,1
1928220640,1,1010,0
1928220662,1,1011,1
1928220662,4,1010,1
1928220666,2,1010,1
1928220787,1,1010,0
1928220787,1,1010,1
1928220809,2,1010,1
1928220809,1,1011,0
1928220809,1,1010,0
1928220860,3,1010,1
1928220860,1,1011,1
1928220860,2,1011,0
1928220920,1,1011,1
1928220920,2,1011,0
1928220920,2,1010,1
1928221030,1,1010,0
1928221069,1,1010,1
1928221141,2,1010,1
1928221255,1,1010,0
1928221273,5,1010,1
1928221273,1,1011,1
1928221289,1,1010,1
1928221322,2,1010,1
1928221322,1,1011,0
1928221360,4,1010,1
1928221427,5,1010,1
1928221427,2,1022,0
1928221427,1,1011,0
1928221448,3,1010,1
1928221490,3,1010,1
1928221490,1,1011,0
1928221508,1,1010,1
1928221583,1,1010,1
1928221583,1,1010,0
1928221663,2,1010,0
1928221728,1,1010,1
1928221760,1,1010,0
1928221760,1,1010,1
1928221772,2,1010,0
1928221798,5,1010,1
1928221798,1,1011,1
1928221825,1,1010,1
1928221937,3,1010,1
1928221937,3,1010,0
1928221941,2,1011,1
1928221941,4,1010,1
1928221941,1,1010,0
1928222052,1,1011,0
1928222052,3,1010,1
1928222073,1,1010,1
1928222229,2,1010,1
1928222240,2,1010,1
1928222263,4,1010,1
1928222263,1,1011,1
1928222263,1,1010,0
1928222401,1,1010,0
1928222437,1,1010,1
1928222455,1,1010,0
1928222455,1,1011,1
1928222455,5,1010,1
1928222461,2,1011,1
1928222461,8,1011,0
1928222461,12,1010,0
1928222461,8,1010,1
1928222495,5,1011,0
1928222495,5,1011,1
1928222495,2,1010,0
1928222495,8,1010,1
1928222554,2,1010,1
1928222675,3,1010,1
1928222968,1,1010,1
1928223049,2,1010,1
1928223152,1,1010,1
1928223158,1,1010,1
1928223239,1,1010,1
1928223298,3,1010,1
1928223326,2,1010,1
1928223326,1,1011,0
1928223351,2,1010,0
1928223367,2,1010,1
1928223367,1,1011,0
1928223367,1,1010,0
1928223413,1,1010,0
1928223415,1,1010,1
1928223492,2,1010,1
1928223496,2,1010,1
1928223496,1,1011,1
1928223496,1,1010,0
1928223496,1,1011,0
1928223551,5,1010,1
1928223551,1,1010,0
1928223551,1,1011,1
1928223639,1,1010,0
1928223698,1,1010,1
1928223708,1,1011,1
1928223708,1,1011,0
1928223708,7,1010,1
1928223708,3,1010,0
1928223832,2,1010,1
1928223840,3,1010,1
1928223840,1,1011,1
1928223868,4,1010,1
1928223868,1,1011,0
1928223912,2,1010,1
1928224046,2,1011,1
1928224046,2,1010,1
1928224046,1,1011,0
1928224149,2,1010,0
1928224149,2,1010,1
1928224202,4,1010,1
1928224202,1,1011,1
1928224202,1,1010,0
1928224285,5,1010,1
1928224285,4,1010,0
1928224323,1,1010,1
1928224468,2,1010,1
1928224468,2,1011,0
1928224468,1,1011,1
1928224510,1,1010,1
1928224578,1,1011,0
1928224578,3,1011,1
1928224578,6,1010,1
1928224578,4,1010,0
1928224642,1,1010,1
1928224723,1,1010,0
1928224723,3,1010,1
1928224723,1,1011,1
1928224755,1,1010,1
1928224867,1,1010,1
1928224919,2,1010,1
1928224967,5,1010,1
1928224967,1,1011,0
1928224967,1,1010,0
1928225003,5,1010,1
1928225022,3,1010,1
1928225022,1,1010,0
1928225042,2,1011,1
1928225042,2,1010,0
1928225042,3,1010,1
1928225060,1,1011,1
1928225060,2,1010,1
1928225206,1,1010,1
1928225209,5,1010,1
1928225226,1,1010,1
1928225262,1,1010,0
1928225278,9,1010,1
1928225278,1,1011,0
1928225278,5,1010,0
1928225278,2,1011,1
1928225351,1,1010,1
1928225360,3,1010,0
1928225360,1,1011,1
1928225360,2,1011,0
1928225360,4,1010,1
1928225406,1,1010,1
1928225522,1,1010,1
1928225568,2,1011,0
1928225568,2,1010,1
1928225568,1,1011,1
1928225623,1,1010,0
1928225623,1,1011,1
1928225623,2,1010,1
1928225720,1,1010,1
1928225736,2,1010,1
1928225736,2,1011,0
1928225736,1,1011,1
1928225739,1,1010,1
1928225746,4,1011,0
1928225746,1,1010,0
1928225746,3,1010,1
1928225752,1,1011,0
1928225752,1,1011,1
1928225752,1,1010,0
1928225752,4,1010,1
1928225849,2,1010,1
1928225970,3,1010,1
1928225970,1,1011,1
1928225996,2,1010,1
1928225999,1,1010,0
1928225999,1,1010,1
1928226003,1,1010,0
1928226009,2,1010,1
1928226047,2,1010,1
1928226164,1,1011,1
1928226164,3,1010,1
1928226307,1,1010,1
1928226414,7,1010,1
1928226414,1,1022,0
1928226414,1,1011,1
1928226666,3,1010,1
1928226723,3,1010,0
1928226723,5,1010,1
1928226723,6,1011,0
1928226948,1,1010,0
1928226948,2,1010,1
1928227164,1,1010,1
1928227164,1,1010,0
1928227266,3,1010,1
1928227291,1,1010,1
1928227521,3,1011,1
1928227521,3,1010,1
1928227521,1,1011,0
1928227521,2,1010,0
1928227705,1,1010,0
1928227735,4,1010,1
1928227735,3,1010,0
1928227735,2,1011,1
1928227829,1,1010,1
1928227848,3,1010,1
1928227848,1,1010,0
1928227877,2,1010,1
1928227951,1,1010,1
1928228039,1,1010,1
1928228050,1,1010,0
1928228050,2,1010,1
1928228147,2,1010,1
1928228222,1,1010,1
1928228273,3,1010,1
1928228273,1,1011,1
1928228387,1,1010,0
1928228401,1,1010,1
1928228486,1,1010,1
1928228500,1,1010,1
1928228516,2,1010,1
1928228551,3,1010,1
1928228551,1,1011,0
1928228553,1,1011,1
1928228553,2,1010,1
1928228607,2,1010,1
1928228655,2,1010,1
1928228755,2,1010,0
1928228755,3,1010,1
1928228755,2,1011,1
1928228838,2,1010,1
1928228838,1,1011,1
1928228878,2,1010,1
1928228878,1,1010,0
1928228989,2,1010,0
1928228989,2,1010,1
1928228989,1,1011,1
1928229008,2,1010,1
1928229008,1,1011,1
1928229008,1,1011,0
1928229034,1,1011,1
1928229034,3,1010,1
1928229034,2,1010,0
1928229086,2,1010,1
1928229162,2,1010,0
1928229376,2,1011,1
1928229376,2,1010,1
1928229503,5,1010,1
1928229503,2,1010,0
1928229503,1,1011,0
1928229503,2,1011,1
1928229639,1,1010,0
1928229639,3,1010,1
1928229641,2,1010,1
1928229643,3,1010,1
1928229643,1,1011,0
1928229666,2,1010,1
1928229679,1,1010,1
1928229730,2,1010,1
1928229763,11,1022,0
1928229763,4,1022,1
1928229763,3,1010,1
1928229796,3,1010,1
1928229796,1,1011,1
1928229981,1,1011,0
1928229981,1,1010,1
1928229981,3,1010,0
1928230002,1,1010,0
1928230002,3,1010,1
1928230022,3,1010,0
1928230022,1,1010,1
1928230102,2,1010,1
1928230102,1,1011,0
1928230117,1,1010,1
1928230170,3,1010,0
1928230170,6,1010,1
1928230215,1,1010,1
1928230221,9,1010,0
1928230221,5,1010,1
1928230469,2,1010,1
1928230469,1,1011,0
1928230502,1,1010,0
1928230781,1,1010,0
1928230800,3,1010,1
1928230800,1,1010,0
1928230800,1,1011,0
1928230898,1,1010,0
1928230898,1,1010,1
1928230944,2,1010,1
1928231037,1,1010,0
1928231112,1,1010,1
1928231112,2,1010,0
1928231275,1,1010,1
1928231275,1,1010,0
1928231284,1,1010,1
1928231299,3,1010,1
1928231500,1,1010,1
1928231502,1,1011,1
1928231502,4,1010,1
1928231539,1,1010,1
1928231540,1,1010,1
1928231676,3,1010,1
1928231702,1,1010,0
1928231744,1,1010,1
1928231744,1,1010,0
1928232085,2,1010,1
1928232085,2,1010,0
1928232144,2,1010,0
1928232144,1,1011,0
1928232144,3,1011,1
1928232144,2,1010,1
1928232195,1,1010,0
1928232232,1,1011,1
1928232232,3,1010,1
1928232678,1,1011,0
1928232678,2,1010,1
1928232678,2,1010,0
1928232739,1,1011,0
1928232739,3,1010,1
1928232820,2,1010,1
1928232840,1,1010,0
1928232840,2,1010,1
1928232923,1,1010,0
1928232923,1,1010,1
1928232964,1,1011,0
1928232964,2,1010,1
1928233010,2,1010,1
1928233010,1,1011,0
1928233062,4,1010,1
1928233076,1,1010,0
1928233076,9,1010,1
1928233076,1,1022,0
1928233076,1,1011,1
1928233095,5,1010,1
1928233095,1,1011,1
1928233095,3,1010,0
1928233174,1,1010,1
1928233248,2,1010,1
1928233248,1,1010,0
1928233283,1,1010,0
1928233320,1,1010,0
1928233328,2,1010,1
1928233328,1,1010,0
1928233422,2,1010,1
1928233452,1,1010,0
1928233529,2,1010,0
1928233529,1,1010,1
1928233688,1,1010,1
1928233695,1,1010,1
1928233697,1,1011,0
1928233697,2,1010,1
1928233697,1,1010,0
1928233722,3,1010,1
1928233722,1,1010,0
1928233778,1,1011,1
1928233778,2,1010,1
1928233906,4,1010,1
1928233991,1,1010,1
1928234059,2,1010,1
1928234079,3,1010,1
1928234098,1,1010,0
1928234190,2,1011,1
1928234190,2,1010,1
1928234192,2,1010,1
1928234192,1,1011,1
1928234225,4,1010,0
1928234225,13,1010,1
1928234225,3,1011,1
1928234225,4,1011,0
1928234257,1,1010,1
1928234304,1,1011,1
1928234304,6,1010,1
1928234374,1,1010,0
1928234374,4,1010,1
1928234491,1,1010,0
1928234491,2,1010,1
1928234629,1,1010,1
1928234890,1,1011,0
1928234890,3,1010,1
1928234890,1,1011,1
1928234926,2,1010,1
1928234998,3,1010,1
1928235046,1,1010,0
1928235046,3,1010,1
1928235077,2,1010,1
1928235153,1,1011,1
1928235153,2,1010,1
1928235153,1,1010,0
1928235205,2,1010,1
1928235205,1,1011,0
1928235293,1,1010,1
1928235385,1,1010,0
1928235455,3,1010,1
1928235455,1,1011,1
1928235455,1,1011,0
1928235489,1,1010,1
1928235513,1,1010,1
1928235519,2,1010,1
1928235740,4,1010,1
1928236122,3,1010,1
1928236161,2,1010,1
1928236255,1,1010,1
1928236300,3,1010,1
1928236318,1,1010,0
1928236318,3,1010,1
1928236443,1,1011,1
1928236443,2,1010,1
1928236493,2,1010,1
1928236493,1,1011,1
1928236722,2,1010,1
1928236722,1,1011,1
1928236795,1,1010,1
1928236869,1,1010,1
1928237007,2,1010,1
1928237019,1,1010,1
1928237084,1,1010,1
1928237220,1,1010,1
1928237232,1,1010,1
1928237237,1,1010,1
1928237458,6,1010,1
1928237571,2,1010,1
1928237720,1,1010,1
1928237741,2,1010,1
1928237741,1,1011,1
1928237798,2,1010,1
1928237838,2,1010,1
1928237852,2,1010,1
1928237852,1,1011,1
1928237879,2,1010,1
1928237911,2,1010,1
1928238025,2,1011,1
1928238025,4,1010,1
1928238077,7,1010,1
1928238077,1,1011,1
1928238197,1,1011,0
1928238197,2,1010,1
1928238205,1,1010,1
1928238413,5,1010,1
1928238413,1,1011,1
1928238413,2,1010,0
1928238413,1,1011,0
1928238706,1,1010,0
1928238706,3,1010,1
1928238805,1,1010,1
1928238853,1,1010,0
1928238853,5,1010,1
1928238853,1,1011,1
1928238913,1,1010,1
1928238926,1,1010,1
1928239266,1,1010,0
1928239502,1,1010,0
1928239502,1,1010,1
1928239562,5,1010,0
1928239562,1,1011,1
1928239562,6,1010,1
1928239562,1,1011,0
1928239666,1,1010,0
1928239666,1,1011,1
1928239666,2,1010,1
1928239676,1,1010,1
1928240140,4,1010,1
1928240140,2,1010,0
1928240140,2,1011,1
1928240210,1,1010,0
1928240210,3,1010,1
1928240661,1,1010,1
1928240695,1,1010,1
1928240980,1,1010,1
1928241375,1,1010,1
1928241483,1,1011,0
1928241483,1,1010,0
1928241483,5,1010,1
1928241597,1,1010,1
1928241800,2,1010,1
1928241813,1,1010,1
1928242073,5,1010,1
1928242101,2,1010,0
1928242101,1,1010,1
1928242193,1,1010,0
1928242414,1,1011,1
1928242414,1,1011,0
1928242414,9,1010,1
1928242522,1,1010,1
1928242522,3,1010,0
1928242724,4,1010,1
1928242936,1,1011,0
1928242936,2,1010,1
1928243006,7,1010,1
1928243006,3,1011,1
1928243006,1,1011,0
1928243006,1,1010,0
1928243156,1,1010,1
1928243194,1,1010,0
1928243194,2,1010,1
1928243412,3,1010,1
1928243465,1,1010,1
1928243512,3,1010,1
1928243562,2,1010,1
1928243866,3,1010,1
1928243866,1,1011,0
1928243866,1,1011,1
1928243956,4,1010,1
1928243956,1,1011,1
1928243956,1,1010,0
1928244132,17,1010,1
1928244132,4,1011,0
1928244132,9,1011,1
1928244181,1,1010,1
1928244181,3,1010,0
1928244202,1,1010,1
1928244247,3,1010,1
1928244352,2,1010,1
1928244499,2,1010,1
1928244714,2,1010,1
1928244825,1,1010,0
1928244825,1,1010,1
1928245048,1,1010,1
1928245611,1,1010,0
1928245822,4,1010,0
1928245822,2,1010,1
1928245928,3,1010,1
1928246474,1,1010,1
1928246535,2,1010,1
1928246562,2,1010,1
1928246737,2,1010,1
1928246951,2,1010,1
1928247135,2,1010,0
1928247135,6,1010,1
1928247140,1,1010,1
1928247142,6,1010,1
1928247142,2,1010,0
1928247553,1,1010,0
1928247736,7,1010,1
1928247736,1,1011,0
1928248492,1,1011,1
1928248492,10,1010,1
1928248492,2,1011,0
1928248541,1,1010,0
1928248983,1,1010,1
1928249703,1,1010,1
1928249866,1,1010,0
1928249866,5,1010,1
1928250817,11,1010,1
1928250817,2,1010,0
1928251525,1,1010,1
1928251525,1,1010,0
1928251545,2,1010,1
1928251545,1,1010,0
1928251917,2,1010,1
1928251952,2,1010,1
1928252620,2,1010,1
1928252620,1,1011,0
1928253805,9,1010,1
1928253815,3,1010,1
1928254673,2,1010,1
1928254902,2,1010,1
1928254902,1,1010,0
